COUNTRY,ISO,YEAR,RENEWABLE GROWTH TWh,RENEWABLE GROWTH %,CONTINENT
Algeria,DZA,2011,0.5873293280601501,117.52812957763672,AFRICA
Algeria,DZA,2012,0.0471309423446655,4.949092864990234,AFRICA
Algeria,DZA,2013,-0.7921222448348999,-69.30648803710938,AFRICA
Algeria,DZA,2014,0.3403466641902923,99.0595474243164,AFRICA
Algeria,DZA,2015,-0.0902699828147888,-12.598424911499023,AFRICA
Algeria,DZA,2016,0.301783800125122,51.37480545043945,AFRICA
Algeria,DZA,2017,0.6412630677223206,72.29473876953125,AFRICA
Algeria,DZA,2018,0.3904809951782226,26.07944107055664,AFRICA
Algeria,DZA,2019,0.1167840957641601,6.4383625984191895,AFRICA
Algeria,DZA,2020,-0.0986579656600952,-4.465889930725098,AFRICA
Algeria,DZA,2021,-0.1602149009704589,-7.88092041015625,AFRICA
Argentina,ARG,1999,-14.835128784179688,-18.796056747436523,SOUTH AMERICA
Argentina,ARG,2000,21.62248992919922,33.661842346191406,SOUTH AMERICA
Argentina,ARG,2001,22.936851501464844,27.577924728393555,SOUTH AMERICA
Argentina,ARG,2002,-2.430000305175781,-1.6498148441314695,SOUTH AMERICA
Argentina,ARG,2003,-5.275520324707031,-4.461169242858887,SOUTH AMERICA
Argentina,ARG,2004,-10.302902221679688,-9.65719223022461,SOUTH AMERICA
Argentina,ARG,2005,10.345924377441406,12.10736083984375,SOUTH AMERICA
Argentina,ARG,2006,10.600906372070312,11.154329299926758,SOUTH AMERICA
Argentina,ARG,2007,-19.83551788330078,-17.32260513305664,SOUTH AMERICA
Argentina,ARG,2008,-0.2306060791015625,0.2938389778137207,SOUTH AMERICA
Argentina,ARG,2009,8.936042785644531,10.46685028076172,SOUTH AMERICA
Argentina,ARG,2010,2.6143569946289062,13.690126419067385,SOUTH AMERICA
Argentina,ARG,2011,-3.804290771484375,1.5418291091918943,SOUTH AMERICA
Argentina,ARG,2012,-2.8467025756835938,1.0765790939331057,SOUTH AMERICA
Argentina,ARG,2013,11.083160400390623,11.772751808166504,SOUTH AMERICA
Argentina,ARG,2014,0.5427322387695312,3.5880446434021,SOUTH AMERICA
Argentina,ARG,2015,0.5296783447265625,2.411055564880371,SOUTH AMERICA
Argentina,ARG,2016,-7.8706207275390625,-4.241270065307617,SOUTH AMERICA
Argentina,ARG,2017,7.7895050048828125,9.578442573547363,SOUTH AMERICA
Argentina,ARG,2018,3.4787673950195312,1.814591884613037,SOUTH AMERICA
Argentina,ARG,2019,-1.078338623046875,-0.1195907592773437,SOUTH AMERICA
Argentina,ARG,2020,-3.731719970703125,-12.44363784790039,SOUTH AMERICA
Argentina,ARG,2021,0.730926513671875,1.9835591316223145,SOUTH AMERICA
Australia,AUS,1992,0.7132644653320312,1.4967799186706543,AUSTRALIA
Australia,AUS,1993,1.3306503295898438,2.7070045471191406,AUSTRALIA
Australia,AUS,1994,-0.5975990295410156,-1.195991039276123,AUSTRALIA
Australia,AUS,1995,-1.1073532104492188,-2.2807717323303223,AUSTRALIA
Australia,AUS,1996,1.3974037170410156,2.808380126953125,AUSTRALIA
Australia,AUS,1997,0.1302986145019531,0.2363085746765136,AUSTRALIA
Australia,AUS,1998,-0.1430130004882812,-0.3240585327148437,AUSTRALIA
Australia,AUS,1999,1.6860008239746094,3.3426523208618164,AUSTRALIA
Australia,AUS,2000,0.0554161071777343,0.2180218696594238,AUSTRALIA
Australia,AUS,2001,-1.1497650146484375,-1.565837860107422,AUSTRALIA
Australia,AUS,2002,1.8346023559570312,4.005861282348633,AUSTRALIA
Australia,AUS,2003,1.8881568908691408,3.987765312194824,AUSTRALIA
Australia,AUS,2004,2.05303955078125,3.750753402709961,AUSTRALIA
Australia,AUS,2005,4.144966125488281,8.179033279418945,AUSTRALIA
Australia,AUS,2006,1.4304466247558594,4.496884346008301,AUSTRALIA
Australia,AUS,2007,-2.3705596923828125,-2.926176786422729,AUSTRALIA
Australia,AUS,2008,-3.5075416564941406,-4.08148193359375,AUSTRALIA
Australia,AUS,2009,2.78961181640625,7.561123371124268,AUSTRALIA
Australia,AUS,2010,5.895107269287109,12.755287170410156,AUSTRALIA
Australia,AUS,2011,23.58692169189453,36.24897003173828,AUSTRALIA
Australia,AUS,2012,-1.2831039428710938,-1.2986421585083008,AUSTRALIA
Australia,AUS,2013,13.925323486328123,15.625548362731934,AUSTRALIA
Australia,AUS,2014,-7.83837890625,-6.98699951171875,AUSTRALIA
Australia,AUS,2015,7.148658752441406,6.760764122009277,AUSTRALIA
Australia,AUS,2016,14.841789245605469,14.176201820373535,AUSTRALIA
Australia,AUS,2017,-7.434242248535156,-5.892026424407959,AUSTRALIA
Australia,AUS,2018,26.54354858398437,24.68181800842285,AUSTRALIA
Australia,AUS,2019,14.535385131835938,10.99081039428711,AUSTRALIA
Australia,AUS,2020,22.8466796875,15.334260940551758,AUSTRALIA
Australia,AUS,2021,33.55369567871094,19.97811889648437,AUSTRALIA
Austria,AUT,1994,-3.462593078613281,-3.0895888805389404,EUROPE
Austria,AUT,1995,6.145637512207031,5.582475662231445,EUROPE
Austria,AUT,1996,-9.276206970214844,-7.981574535369873,EUROPE
Austria,AUT,1997,6.046577453613281,5.706214904785156,EUROPE
Austria,AUT,1998,3.6255111694335938,3.205883502960205,EUROPE
Austria,AUT,1999,9.715782165527344,8.476448059082031,EUROPE
Austria,AUT,2000,3.206283569335937,2.584636211395264,EUROPE
Austria,AUT,2001,-4.0703887939453125,-2.5314152240753174,EUROPE
Austria,AUT,2002,-1.7985992431640625,-0.7830262184143066,EUROPE
Austria,AUT,2003,-19.98217010498047,-15.742987632751465,EUROPE
Austria,AUT,2004,12.333473205566406,12.54746913909912,EUROPE
Austria,AUT,2005,3.351478576660156,4.550015926361084,EUROPE
Austria,AUT,2006,1.4674911499023438,5.377805233001709,EUROPE
Austria,AUT,2007,7.287879943847656,6.9580078125,EUROPE
Austria,AUT,2008,4.008308410644531,4.679977893829346,EUROPE
Austria,AUT,2009,8.026840209960938,7.9795241355896,EUROPE
Austria,AUT,2010,-6.848434448242188,-4.376154899597168,EUROPE
Austria,AUT,2011,-11.92560577392578,-7.980018615722656,EUROPE
Austria,AUT,2012,27.950538635253903,22.08197021484375,EUROPE
Austria,AUT,2013,-3.73931884765625,-2.693110704421997,EUROPE
Austria,AUT,2014,-0.3862152099609375,1.7174720764160156,EUROPE
Austria,AUT,2015,-6.45867919921875,-2.412158250808716,EUROPE
Austria,AUT,2016,7.437347412109375,3.94589900970459,EUROPE
Austria,AUT,2017,-1.5511627197265625,-1.4705359935760498,EUROPE
Austria,AUT,2018,-3.1121826171875,-1.3284265995025637,EUROPE
Austria,AUT,2019,11.512863159179688,8.256268501281738,EUROPE
Austria,AUT,2020,0.67083740234375,-0.1447498798370361,EUROPE
Austria,AUT,2021,1.209014892578125,1.169896125793457,EUROPE
Azerbaijan,AZE,2014,-0.4638388156890869,-10.643893241882324,ASIA
Azerbaijan,AZE,2015,0.9118707180023192,24.83655166625977,ASIA
Azerbaijan,AZE,2016,0.9544844627380372,21.123958587646484,ASIA
Azerbaijan,AZE,2017,-0.6018667221069336,-10.158461570739746,ASIA
Azerbaijan,AZE,2018,0.1818985939025879,4.2420148849487305,ASIA
Azerbaijan,AZE,2019,-0.4274191856384277,-8.052021026611328,ASIA
Azerbaijan,AZE,2020,-1.3269712924957275,-27.558141708374023,ASIA
Azerbaijan,AZE,2021,0.5294363498687744,15.812337875366213,ASIA
Bangladesh,BGD,2003,-0.0116946697235107,0.1067876815795898,ASIA
Bangladesh,BGD,2004,-0.010974645614624,0.1333594322204589,ASIA
Bangladesh,BGD,2005,-0.0094101428985595,0.1997590065002441,ASIA
Bangladesh,BGD,2006,-0.0032944679260253,0.4784703254699707,ASIA
Bangladesh,BGD,2007,-0.0032644271850585,0.4761934280395508,ASIA
Bangladesh,BGD,2008,0.5725464820861816,27.448654174804688,ASIA
Bangladesh,BGD,2009,-1.4683046340942385,-53.70312881469727,ASIA
Bangladesh,BGD,2010,0.9148082733154296,74.11869812011719,ASIA
Bangladesh,BGD,2011,0.4233808517456054,20.25884437561035,ASIA
Bangladesh,BGD,2012,-0.1838157176971435,-6.553006172180176,ASIA
Bangladesh,BGD,2013,-0.0384199619293212,-1.0244309902191162,ASIA
Bangladesh,BGD,2014,-0.3482298851013183,-14.23007869720459,ASIA
Bangladesh,BGD,2015,0.9553635120391846,48.32823181152344,ASIA
Bangladesh,BGD,2016,0.0046663284301757,0.7485389709472656,ASIA
Bangladesh,BGD,2017,0.4569165706634521,16.022228240966797,ASIA
Bangladesh,BGD,2018,-0.3968269824981689,-11.032504081726074,ASIA
Bangladesh,BGD,2019,0.015587568283081,0.8842706680297852,ASIA
Bangladesh,BGD,2020,-0.16782808303833,-5.151474475860596,ASIA
Bangladesh,BGD,2021,0.0987727642059326,3.801548480987549,ASIA
Belarus,BLR,2014,-0.0509725213050842,-7.618218421936035,EUROPE
Belarus,BLR,2015,0.1184725165367126,19.905221939086918,EUROPE
Belarus,BLR,2016,0.2169702649116516,32.41106414794922,EUROPE
Belarus,BLR,2017,0.9686241149902344,108.35821533203124,EUROPE
Belarus,BLR,2018,-0.1345689296722412,-6.876796722412109,EUROPE
Belarus,BLR,2019,0.4064908027648926,24.00001335144043,EUROPE
Belarus,BLR,2020,0.6525797843933105,26.923072814941406,EUROPE
Belarus,BLR,2021,0.1409323215484619,5.551707744598389,EUROPE
Belgium,BEL,2005,1.91724157333374,40.68136215209961,EUROPE
Belgium,BEL,2006,2.6181435585021973,40.17094421386719,EUROPE
Belgium,BEL,2007,1.633742332458496,18.08943748474121,EUROPE
Belgium,BEL,2008,2.881991386413574,26.735519409179688,EUROPE
Belgium,BEL,2009,4.605330467224121,57.63188552856445,EUROPE
Belgium,BEL,2010,5.674646377563477,52.65898895263672,EUROPE
Belgium,BEL,2011,5.270441055297852,17.27128028869629,EUROPE
Belgium,BEL,2012,5.821441650390625,16.29476547241211,EUROPE
Belgium,BEL,2013,3.265430450439453,8.48187255859375,EUROPE
Belgium,BEL,2014,1.7256736755371094,8.229875564575195,EUROPE
Belgium,BEL,2015,4.642730712890625,2.564358711242676,EUROPE
Belgium,BEL,2016,1.2988243103027344,10.60175895690918,EUROPE
Belgium,BEL,2017,4.563091278076172,10.099101066589355,EUROPE
Belgium,BEL,2018,3.277149200439453,6.239652633666992,EUROPE
Belgium,BEL,2019,5.8074798583984375,10.22348403930664,EUROPE
Belgium,BEL,2020,12.34268569946289,24.206674575805664,EUROPE
Belgium,BEL,2021,-1.2813186645507812,0.3975868225097656,EUROPE
Brazil,BRA,2013,-28.4716796875,1.0831713676452637,SOUTH AMERICA
Brazil,BRA,2014,-2.4151611328125,1.8378257751464844,SOUTH AMERICA
Brazil,BRA,2015,24.4189453125,5.17956018447876,SOUTH AMERICA
Brazil,BRA,2016,67.770751953125,2.3666739463806152,SOUTH AMERICA
Brazil,BRA,2017,7.2215576171875,1.657271385192871,SOUTH AMERICA
Brazil,BRA,2018,101.50390625,9.058391571044922,SOUTH AMERICA
Brazil,BRA,2019,75.0633544921875,6.316125392913818,SOUTH AMERICA
Brazil,BRA,2020,-0.6236572265625,-1.3527512550354004,SOUTH AMERICA
Brazil,BRA,2021,-35.911865234375,-0.4225373268127441,SOUTH AMERICA
Bulgaria,BGR,2010,5.693132400512695,55.67510223388672,EUROPE
Bulgaria,BGR,2011,-5.200046539306641,-32.01451110839844,EUROPE
Bulgaria,BGR,2012,3.75642204284668,35.37483215332031,EUROPE
Bulgaria,BGR,2013,4.2943267822265625,30.03028678894043,EUROPE
Bulgaria,BGR,2014,1.1836318969726562,6.670963764190674,EUROPE
Bulgaria,BGR,2015,3.628011703491211,18.641651153564453,EUROPE
Bulgaria,BGR,2016,-4.535135269165039,-18.931495666503903,EUROPE
Bulgaria,BGR,2017,-2.6799392700195312,-13.72666358947754,EUROPE
Bulgaria,BGR,2018,9.15077781677246,52.99737548828125,EUROPE
Bulgaria,BGR,2019,-4.773548126220703,-19.554841995239254,EUROPE
Bulgaria,BGR,2020,-0.1755867004394531,-0.2593934535980224,EUROPE
Bulgaria,BGR,2021,4.267936706542969,21.96866226196289,EUROPE
Canada,CAN,1993,21.9385986328125,2.3119211196899414,NORTH AMERICA
Canada,CAN,1994,19.6064453125,2.004849910736084,NORTH AMERICA
Canada,CAN,1995,22.83551025390625,2.2810816764831543,NORTH AMERICA
Canada,CAN,1996,61.975830078125,6.132566928863525,NORTH AMERICA
Canada,CAN,1997,-15.4378662109375,-1.4555037021636963,NORTH AMERICA
Canada,CAN,1998,-48.80413818359375,-4.4134674072265625,NORTH AMERICA
Canada,CAN,1999,42.15496826171875,4.2195916175842285,NORTH AMERICA
Canada,CAN,2000,35.1068115234375,3.359627723693848,NORTH AMERICA
Canada,CAN,2001,-78.39605712890625,-6.644791603088379,NORTH AMERICA
Canada,CAN,2002,46.95452880859375,5.306744575500488,NORTH AMERICA
Canada,CAN,2003,-45.68035888671875,-3.6927878856658936,NORTH AMERICA
Canada,CAN,2004,2.23822021484375,0.832664966583252,NORTH AMERICA
Canada,CAN,2005,61.2874755859375,6.794297695159912,NORTH AMERICA
Canada,CAN,2006,-30.43798828125,-2.230709791183472,NORTH AMERICA
Canada,CAN,2007,42.7552490234375,5.744874477386475,NORTH AMERICA
Canada,CAN,2008,21.7669677734375,2.89297103881836,NORTH AMERICA
Canada,CAN,2009,-20.29931640625,-1.3215601444244385,NORTH AMERICA
Canada,CAN,2010,-42.4661865234375,-3.112280368804932,NORTH AMERICA
Canada,CAN,2011,72.065673828125,8.505809783935547,NORTH AMERICA
Canada,CAN,2012,17.27734375,2.8527379035949707,NORTH AMERICA
Canada,CAN,2013,26.1068115234375,2.742290496826172,NORTH AMERICA
Canada,CAN,2014,-28.8262939453125,-1.728445291519165,NORTH AMERICA
Canada,CAN,2015,32.2138671875,3.13410758972168,NORTH AMERICA
Canada,CAN,2016,19.403564453125,2.025330066680908,NORTH AMERICA
Canada,CAN,2017,20.0401611328125,2.73665189743042,NORTH AMERICA
Canada,CAN,2018,-24.9908447265625,-1.3725221157073977,NORTH AMERICA
Canada,CAN,2019,-15.040283203125,-0.8035063743591309,NORTH AMERICA
Canada,CAN,2020,10.9359130859375,0.9737372398376464,NORTH AMERICA
Canada,CAN,2021,-15.658447265625,-0.7859289646148682,NORTH AMERICA
Chile,CHL,2013,2.269721984863281,3.016972541809082,SOUTH AMERICA
Chile,CHL,2014,5.739410400390625,9.437883377075195,SOUTH AMERICA
Chile,CHL,2015,7.225372314453125,9.104514122009276,SOUTH AMERICA
Chile,CHL,2016,-3.1753692626953125,-3.818881511688232,SOUTH AMERICA
Chile,CHL,2017,12.947555541992188,15.538728713989258,SOUTH AMERICA
Chile,CHL,2018,13.439727783203123,13.59384059906006,SOUTH AMERICA
Chile,CHL,2019,2.418296813964844,2.308189868927002,SOUTH AMERICA
Chile,CHL,2020,3.129379272460937,3.550255298614502,SOUTH AMERICA
Chile,CHL,2021,3.066314697265625,3.1705379486083984,SOUTH AMERICA
China,CHN,1991,-6.055755615234375,-1.6149520874023438,ASIA
China,CHN,1992,18.23681640625,4.944825172424316,ASIA
China,CHN,1993,62.82342529296875,16.226482391357422,ASIA
China,CHN,1994,47.68377685546875,10.578656196594238,ASIA
China,CHN,1995,77.30316162109375,15.414595603942873,ASIA
China,CHN,1996,-13.9832763671875,-2.3742616176605225,ASIA
China,CHN,1997,27.79449462890625,4.907572269439697,ASIA
China,CHN,1998,8.30718994140625,1.4220356941223145,ASIA
China,CHN,1999,-6.3446044921875,-1.0651469230651855,ASIA
China,CHN,2000,76.79150390625,13.010704040527344,ASIA
China,CHN,2001,157.8133544921875,24.461566925048828,ASIA
China,CHN,2002,27.5745849609375,4.410803318023682,ASIA
China,CHN,2003,-14.3516845703125,-0.3770709037780761,ASIA
China,CHN,2004,198.11614990234372,24.445831298828125,ASIA
China,CHN,2005,131.26416015625,13.579713821411133,ASIA
China,CHN,2006,117.68408203125,11.165273666381836,ASIA
China,CHN,2007,146.818603515625,11.977672576904297,ASIA
China,CHN,2008,458.781982421875,32.700382232666016,ASIA
China,CHN,2009,-7.6204833984375,0.3653287887573242,ASIA
China,CHN,2010,329.151611328125,17.813396453857422,ASIA
China,CHN,2011,6.968994140625,1.0056376457214355,ASIA
China,CHN,2012,560.366943359375,25.927852630615234,ASIA
China,CHN,2013,252.469482421875,10.079050064086914,ASIA
China,CHN,2014,519.7685546875,17.529369354248047,ASIA
China,CHN,2015,253.815673828125,7.024884223937988,ASIA
China,CHN,2016,330.7275390625,9.250807762145996,ASIA
China,CHN,2017,368.09326171875,9.163784980773926,ASIA
China,CHN,2018,435.9326171875,10.395503044128418,ASIA
China,CHN,2019,462.5673828125,9.401142120361328,ASIA
China,CHN,2020,435.3291015625,8.005273818969727,ASIA
China,CHN,2021,706.28955078125,12.388157844543455,ASIA
Colombia,COL,2001,1.8107147216796875,2.61155366897583,SOUTH AMERICA
Colombia,COL,2002,6.206840515136719,7.258844375610352,SOUTH AMERICA
Colombia,COL,2003,5.786613464355469,6.424379348754883,SOUTH AMERICA
Colombia,COL,2004,5.60272216796875,5.941569805145264,SOUTH AMERICA
Colombia,COL,2005,2.133750915527344,2.8225064277648926,SOUTH AMERICA
Colombia,COL,2006,10.120643615722656,11.578202247619627,SOUTH AMERICA
Colombia,COL,2018,-1.0242919921875,0.9203553199768066,SOUTH AMERICA
Colombia,COL,2019,-6.162109375,-4.281610488891602,SOUTH AMERICA
Colombia,COL,2020,-12.031845092773438,-7.418310642242432,SOUTH AMERICA
Colombia,COL,2021,28.2557373046875,20.211076736450195,SOUTH AMERICA
Croatia,HRV,2010,4.899267196655273,24.171947479248047,EUROPE
Croatia,HRV,2011,-11.206711769104004,-43.11671829223633,EUROPE
Croatia,HRV,2012,-0.1440372467041015,-0.5108177661895752,EUROPE
Croatia,HRV,2013,10.867022514343262,76.2693862915039,EUROPE
Croatia,HRV,2014,1.662616729736328,7.134056091308594,EUROPE
Croatia,HRV,2015,-6.642999649047852,-24.42386817932129,EUROPE
Croatia,HRV,2016,2.2557601928710938,11.371517181396484,EUROPE
Croatia,HRV,2017,-3.3967857360839844,-14.924674987792969,EUROPE
Croatia,HRV,2018,7.027545928955078,37.4608268737793,EUROPE
Croatia,HRV,2019,-3.762798309326172,-14.665746688842772,EUROPE
Croatia,HRV,2020,0.5192985534667969,2.4416565895080566,EUROPE
Croatia,HRV,2021,5.10234260559082,22.832595825195312,EUROPE
Cyprus,CYP,2005,0.0004611110780388,21.986759185791016,ASIA
Cyprus,CYP,2006,0.0017305554356426,64.16937255859375,ASIA
Cyprus,CYP,2007,0.0060000005178153,130.75396728515625,ASIA
Cyprus,CYP,2008,0.0373563878238201,340.1261291503906,ASIA
Cyprus,CYP,2009,0.0506274923682212,104.19378662109376,ASIA
Cyprus,CYP,2010,0.1188363954424858,132.810302734375,ASIA
Cyprus,CYP,2011,0.2963983416557312,143.8356170654297,ASIA
Cyprus,CYP,2012,0.213605523109436,44.382022857666016,ASIA
Cyprus,CYP,2013,0.186893343925476,27.23735618591309,ASIA
Cyprus,CYP,2014,-0.0281941294670104,-2.7522921562194824,ASIA
Cyprus,CYP,2015,0.2162096500396728,25.708175659179688,ASIA
Cyprus,CYP,2016,0.0615280866622924,6.230616569519043,ASIA
Cyprus,CYP,2017,0.0220940113067626,2.4869441986083984,ASIA
Cyprus,CYP,2018,0.069433569908142,6.566798686981201,ASIA
Cyprus,CYP,2019,0.1339339017868042,10.985755920410156,ASIA
Cyprus,CYP,2020,0.2121936082839965,15.90980339050293,ASIA
Cyprus,CYP,2021,,0.0,ASIA
Czechia,CZE,2005,1.244046688079834,16.84485626220703,EUROPE
Czechia,CZE,2006,1.365983963012695,15.185093879699709,EUROPE
Czechia,CZE,2007,-0.2828760147094726,-3.3917665481567383,EUROPE
Czechia,CZE,2008,1.033447265625,10.164987564086914,EUROPE
Czechia,CZE,2009,2.719784736633301,24.87803649902344,EUROPE
Czechia,CZE,2010,3.4518938064575195,26.09666633605957,EUROPE
Czechia,CZE,2011,4.227100372314453,24.92657852172852,EUROPE
Czechia,CZE,2012,2.4910030364990234,11.273646354675291,EUROPE
Czechia,CZE,2013,3.533288955688477,14.872336387634276,EUROPE
Czechia,CZE,2014,-0.3916282653808594,-2.4541258811950684,EUROPE
Czechia,CZE,2015,0.6743927001953125,2.761411666870117,EUROPE
Czechia,CZE,2016,-0.1612586975097656,-0.2953946590423584,EUROPE
Czechia,CZE,2017,0.6268367767333984,2.37809419631958,EUROPE
Czechia,CZE,2018,-0.7192344665527344,-2.244502305984497,EUROPE
Czechia,CZE,2019,1.7084121704101562,6.614291667938232,EUROPE
Czechia,CZE,2020,0.3583660125732422,1.4135360717773438,EUROPE
Czechia,CZE,2021,0.7001094818115234,2.4599432945251465,EUROPE
Denmark,DNK,1997,2.549680233001709,40.93453979492188,EUROPE
Denmark,DNK,1998,2.97036361694336,34.01292419433594,EUROPE
Denmark,DNK,1999,1.3977174758911133,11.552751541137695,EUROPE
Denmark,DNK,2000,3.5229082107543945,27.23994255065918,EUROPE
Denmark,DNK,2001,0.7773418426513672,4.920363426208496,EUROPE
Denmark,DNK,2002,2.7700977325439453,16.12558364868164,EUROPE
Denmark,DNK,2003,3.822063446044922,18.96725845336914,EUROPE
Denmark,DNK,2004,4.191476821899414,17.89497184753418,EUROPE
Denmark,DNK,2005,0.7984657287597656,3.0529141426086426,EUROPE
Denmark,DNK,2006,-1.889686584472656,-6.210064888000488,EUROPE
Denmark,DNK,2007,3.023822784423828,11.989283561706545,EUROPE
Denmark,DNK,2008,-0.7035045623779297,-2.039051055908203,EUROPE
Denmark,DNK,2009,-0.1421070098876953,-0.330662727355957,EUROPE
Denmark,DNK,2010,6.984220504760742,23.518348693847656,EUROPE
Denmark,DNK,2011,4.603008270263672,14.087141036987305,EUROPE
Denmark,DNK,2012,1.6669158935546875,4.626357555389404,EUROPE
Denmark,DNK,2013,2.847480773925781,7.619047164916992,EUROPE
Denmark,DNK,2014,5.285324096679688,12.670766830444336,EUROPE
Denmark,DNK,2015,2.3275299072265625,5.3640007972717285,EUROPE
Denmark,DNK,2016,-1.4181976318359375,-2.98578143119812,EUROPE
Denmark,DNK,2017,9.601131439208984,18.531190872192383,EUROPE
Denmark,DNK,2018,-3.184253692626953,-4.762089252471924,EUROPE
Denmark,DNK,2019,6.0022735595703125,11.173355102539062,EUROPE
Denmark,DNK,2020,0.7972183227539062,1.6127467155456543,EUROPE
Denmark,DNK,2021,8.274665832519531,11.123048782348633,EUROPE
Ecuador,ECU,2006,0.7147617340087891,4.14508581161499,SOUTH AMERICA
Ecuador,ECU,2007,5.505159378051758,27.248214721679688,SOUTH AMERICA
Ecuador,ECU,2008,6.151397705078125,24.272274017333984,SOUTH AMERICA
Ecuador,ECU,2009,-5.943485260009766,-17.8995304107666,SOUTH AMERICA
Ecuador,ECU,2010,-1.731548309326172,-6.032103538513184,SOUTH AMERICA
Ecuador,ECU,2012,2.898744583129883,9.83039093017578,SOUTH AMERICA
Ecuador,ECU,2013,-3.31440544128418,-9.10775661468506,SOUTH AMERICA
Ecuador,ECU,2014,1.382303237915039,4.902267456054688,SOUTH AMERICA
Ecuador,ECU,2015,4.35626220703125,14.0986328125,SOUTH AMERICA
Ecuador,ECU,2016,7.347126007080078,20.584285736083984,SOUTH AMERICA
Ecuador,ECU,2017,10.85224151611328,25.440216064453125,SOUTH AMERICA
Ecuador,ECU,2018,1.2555313110351562,2.8790950775146484,SOUTH AMERICA
Ecuador,ECU,2019,10.742496490478516,19.537317276000977,SOUTH AMERICA
Ecuador,ECU,2020,-1.4200820922851562,-1.78261399269104,SOUTH AMERICA
Ecuador,ECU,2021,2.79376220703125,4.6941399574279785,SOUTH AMERICA
Egypt,EGY,2001,0.7094917297363281,2.3473381996154785,AFRICA
Egypt,EGY,2002,-1.4015159606933594,-2.640920877456665,AFRICA
Egypt,EGY,2003,-3.11376953125,-6.911593437194824,AFRICA
Egypt,EGY,2004,0.0742721557617187,0.8358478546142578,AFRICA
Egypt,EGY,2005,-0.7627792358398438,-1.3604700565338137,AFRICA
Egypt,EGY,2006,0.4330329895019531,1.7897963523864746,AFRICA
Egypt,EGY,2007,3.976654052734375,11.131536483764648,AFRICA
Egypt,EGY,2008,2.9594764709472656,7.702219486236572,AFRICA
Egypt,EGY,2009,-3.6723365783691406,-7.58342170715332,AFRICA
Egypt,EGY,2010,-1.427978515625,-2.856159210205078,AFRICA
Egypt,EGY,2011,0.6959419250488281,2.366757392883301,AFRICA
Egypt,EGY,2012,0.1335182189941406,0.9403705596923828,AFRICA
Egypt,EGY,2013,-0.3256645202636719,-0.1976370811462402,AFRICA
Egypt,EGY,2014,-0.4693031311035156,-0.565040111541748,AFRICA
Egypt,EGY,2015,2.092487335205078,5.865049362182617,AFRICA
Egypt,EGY,2016,0.3072700500488281,1.3300776481628418,AFRICA
Egypt,EGY,2017,-1.1212997436523438,-2.070295810699463,AFRICA
Egypt,EGY,2018,2.015121459960937,5.502068996429443,AFRICA
Egypt,EGY,2019,10.899009704589844,25.654315948486328,AFRICA
Egypt,EGY,2020,10.411659240722656,19.66189193725586,AFRICA
Egypt,EGY,2021,1.088043212890625,2.05843448638916,AFRICA
Estonia,EST,2010,1.5760908126831057,93.32840728759766,EUROPE
Estonia,EST,2011,0.3853242397308349,12.914633750915527,EUROPE
Estonia,EST,2012,0.9033865928649902,25.06773376464844,EUROPE
Estonia,EST,2013,-0.8557674884796143,-17.18675994873047,EUROPE
Estonia,EST,2014,0.4336354732513428,12.29361343383789,EUROPE
Estonia,EST,2015,0.4218225479125976,11.151540756225586,EUROPE
Estonia,EST,2016,0.0338034629821777,-0.2176105976104736,EUROPE
Estonia,EST,2017,0.8105077743530273,18.233192443847656,EUROPE
Estonia,EST,2018,0.4838500022888183,7.844054698944092,EUROPE
Estonia,EST,2019,0.3721823692321777,6.984663009643555,EUROPE
Estonia,EST,2020,2.09981632232666,33.64982604980469,EUROPE
Estonia,EST,2021,1.1359786987304688,13.07741355895996,EUROPE
Finland,FIN,1991,6.412193298339844,13.616538047790527,EUROPE
Finland,FIN,1992,5.497329711914063,10.237348556518556,EUROPE
Finland,FIN,1993,-1.6087799072265625,-3.111708164215088,EUROPE
Finland,FIN,1994,-3.3819351196289062,-6.091732025146484,EUROPE
Finland,FIN,1995,3.830036163330078,7.033836841583252,EUROPE
Finland,FIN,1996,-5.532375335693359,-9.283828735351562,EUROPE
Finland,FIN,1997,6.680370330810547,11.84861660003662,EUROPE
Finland,FIN,1998,13.528274536132812,22.500896453857425,EUROPE
Finland,FIN,1999,-9.679641723632812,-13.1627197265625,EUROPE
Finland,FIN,2000,6.495361328125,10.33194065093994,EUROPE
Finland,FIN,2001,-5.762107849121094,-7.877874374389648,EUROPE
Finland,FIN,2002,-5.022624969482422,-7.920229434967041,EUROPE
Finland,FIN,2003,-2.35439682006836,-3.820580244064331,EUROPE
Finland,FIN,2004,19.1031494140625,34.66403579711914,EUROPE
Finland,FIN,2005,-7.19195556640625,-9.18124294281006,EUROPE
Finland,FIN,2006,-2.2838897705078125,-3.7329256534576416,EUROPE
Finland,FIN,2007,4.906097412109375,8.589625358581543,EUROPE
Finland,FIN,2008,10.557891845703123,17.828548431396484,EUROPE
Finland,FIN,2009,-17.158424377441406,-18.9638786315918,EUROPE
Finland,FIN,2010,7.440696716308594,10.456562042236328,EUROPE
Finland,FIN,2011,0.3503799438476562,2.439999580383301,EUROPE
Finland,FIN,2012,11.690925598144531,16.554033279418945,EUROPE
Finland,FIN,2013,-7.5996551513671875,-8.768218994140625,EUROPE
Finland,FIN,2014,4.177207946777344,12.059391021728516,EUROPE
Finland,FIN,2015,10.97319793701172,13.546586036682127,EUROPE
Finland,FIN,2016,-3.718589782714844,-9.32267951965332,EUROPE
Finland,FIN,2017,5.183540344238281,10.427427291870115,EUROPE
Finland,FIN,2018,1.6280364990234375,1.1404991149902344,EUROPE
Finland,FIN,2019,-0.0976638793945312,0.927603244781494,EUROPE
Finland,FIN,2020,8.396324157714844,9.46059226989746,EUROPE
Finland,FIN,2021,7.367576599121094,6.839597225189209,EUROPE
France,FRA,1993,-12.223403930664062,-5.521643161773682,EUROPE
France,FRA,1994,42.42242431640625,22.03637313842773,EUROPE
France,FRA,1995,-15.586990356445312,-5.921238899230957,EUROPE
France,FRA,1996,-19.743667602539062,-7.915949821472168,EUROPE
France,FRA,1997,-5.1225433349609375,-1.718837022781372,EUROPE
France,FRA,1998,-5.466094970703125,-3.0996978282928467,EUROPE
France,FRA,1999,31.63336181640625,15.903854370117188,EUROPE
France,FRA,2000,-17.131332397460938,-6.893128395080566,EUROPE
France,FRA,2001,23.35556030273437,11.48085594177246,EUROPE
France,FRA,2002,-40.67610168457031,-16.39695167541504,EUROPE
France,FRA,2003,-4.733428955078125,-2.15185284614563,EUROPE
France,FRA,2004,1.796417236328125,1.8128037452697756,EUROPE
France,FRA,2005,-20.179977416992188,-7.254636287689209,EUROPE
France,FRA,2006,17.544509887695312,11.76755428314209,EUROPE
France,FRA,2007,17.283279418945312,16.586517333984375,EUROPE
France,FRA,2008,31.255294799804688,21.864164352416992,EUROPE
France,FRA,2009,-10.964263916015623,-2.347773313522339,EUROPE
France,FRA,2010,22.1668701171875,8.181214332580566,EUROPE
France,FRA,2011,-39.38543701171875,-13.38823413848877,EUROPE
France,FRA,2012,56.398040771484375,24.519014358520508,EUROPE
France,FRA,2013,41.341705322265625,13.827157020568848,EUROPE
France,FRA,2014,-12.789276123046877,-2.1400630474090576,EUROPE
France,FRA,2015,-7.03173828125,-1.5895843505859375,EUROPE
France,FRA,2016,18.064727783203125,5.783689022064209,EUROPE
France,FRA,2017,-16.983612060546875,-4.417532920837402,EUROPE
France,FRA,2018,52.59613037109375,15.92259407043457,EUROPE
France,FRA,2019,-0.2608642578125,0.739753246307373,EUROPE
France,FRA,2020,25.47442626953125,5.42985200881958,EUROPE
France,FRA,2021,-6.651611328125,0.1654028892517089,EUROPE
Germany,DEU,1991,-4.062763214111328,-7.324039936065674,EUROPE
Germany,DEU,1992,8.969837188720703,17.543066024780273,EUROPE
Germany,DEU,1993,2.247406005859375,3.663766384124756,EUROPE
Germany,DEU,1994,5.580509185791016,9.513605117797852,EUROPE
Germany,DEU,1995,6.303337097167969,9.303474426269531,EUROPE
Germany,DEU,1996,-6.014907836914063,-7.482772827148437,EUROPE
Germany,DEU,1997,4.023384094238281,6.730437278747559,EUROPE
Germany,DEU,1998,6.109542846679688,8.351850509643555,EUROPE
Germany,DEU,1999,9.082252502441406,11.959171295166016,EUROPE
Germany,DEU,2000,26.85147857666016,32.319522857666016,EUROPE
Germany,DEU,2002,22.46637725830078,21.492660522460938,EUROPE
Germany,DEU,2003,4.100830078125,5.828619003295898,EUROPE
Germany,DEU,2004,35.0498046875,25.532604217529297,EUROPE
Germany,DEU,2005,25.279693603515625,21.25510025024414,EUROPE
Germany,DEU,2006,38.42120361328125,25.174640655517575,EUROPE
Germany,DEU,2007,53.1845703125,20.338308334350582,EUROPE
Germany,DEU,2008,9.6009521484375,0.4029989242553711,EUROPE
Germany,DEU,2009,4.550079345703125,1.1900901794433594,EUROPE
Germany,DEU,2010,26.11224365234375,7.346987724304199,EUROPE
Germany,DEU,2011,53.83688354492188,14.836931228637695,EUROPE
Germany,DEU,2012,55.560150146484375,13.430333137512209,EUROPE
Germany,DEU,2013,19.01593017578125,2.724766731262207,EUROPE
Germany,DEU,2014,25.71380615234375,5.782663822174072,EUROPE
Germany,DEU,2015,67.70962524414062,12.457990646362305,EUROPE
Germany,DEU,2016,0.899658203125,0.4945993423461914,EUROPE
Germany,DEU,2017,69.09600830078125,12.377405166625977,EUROPE
Germany,DEU,2018,17.91497802734375,3.4882068634033203,EUROPE
Germany,DEU,2019,45.52020263671875,6.946122646331787,EUROPE
Germany,DEU,2020,31.48736572265625,6.215560436248779,EUROPE
Germany,DEU,2021,-41.9007568359375,-6.267589569091797,EUROPE
Greece,GRC,2005,1.2941951751708984,8.264339447021484,EUROPE
Greece,GRC,2006,3.5062503814697266,19.87197494506836,EUROPE
Greece,GRC,2007,-8.832205772399902,-40.174503326416016,EUROPE
Greece,GRC,2008,3.173649787902832,25.163257598876957,EUROPE
Greece,GRC,2009,6.714607238769531,42.34783554077149,EUROPE
Greece,GRC,2010,6.338361740112305,28.552209854125977,EUROPE
Greece,GRC,2011,-6.730329513549805,-22.609758377075195,EUROPE
Greece,GRC,2012,5.371770858764648,24.659215927124023,EUROPE
Greece,GRC,2013,11.282604217529297,41.35551452636719,EUROPE
Greece,GRC,2014,-6.112876892089844,-15.136945724487305,EUROPE
Greece,GRC,2015,7.010993957519531,21.951210021972656,EUROPE
Greece,GRC,2016,-0.0956802368164062,0.2895712852478027,EUROPE
Greece,GRC,2017,-3.117115020751953,-7.33204460144043,EUROPE
Greece,GRC,2018,6.002803802490234,17.00878143310547,EUROPE
Greece,GRC,2019,-0.3004150390625,-0.4578053951263428,EUROPE
Greece,GRC,2020,3.6547775268554688,8.947669982910156,EUROPE
Greece,GRC,2021,10.47711181640625,23.567724227905277,EUROPE
Hong Kong,HKG,2011,0.0177772343158721,14.197993278503418,ASIA
Hong Kong,HKG,2012,-0.0059455633163452,-3.872573375701904,ASIA
Hong Kong,HKG,2013,-0.0166275054216384,-11.579704284667969,ASIA
Hong Kong,HKG,2014,0.0224786102771759,17.732715606689453,ASIA
Hong Kong,HKG,2015,0.0470741838216781,31.793176651000977,ASIA
Hong Kong,HKG,2016,0.0245877653360366,12.426590919494627,ASIA
Hong Kong,HKG,2017,0.0058236122131347,3.1687140464782715,ASIA
Hong Kong,HKG,2018,0.0078819394111633,3.590250015258789,ASIA
Hong Kong,HKG,2019,0.0239700078964233,10.260141372680664,ASIA
Hong Kong,HKG,2020,0.0028111040592193,1.3432979583740234,ASIA
Hong Kong,HKG,2021,0.0044149756431579,1.7387032508850098,ASIA
Hungary,HUN,2009,1.6538262367248535,22.825634002685547,EUROPE
Hungary,HUN,2010,0.3020792007446289,4.075992107391357,EUROPE
Hungary,HUN,2011,-1.0434026718139648,-10.12280559539795,EUROPE
Hungary,HUN,2012,-0.272801399230957,-2.245897054672241,EUROPE
Hungary,HUN,2013,0.4497566223144531,5.315995216369629,EUROPE
Hungary,HUN,2014,1.1088457107543943,13.007438659667969,EUROPE
Hungary,HUN,2015,0.2122421264648437,2.490377426147461,EUROPE
Hungary,HUN,2016,0.014251708984375,0.8981108665466309,EUROPE
Hungary,HUN,2017,0.621394157409668,6.875371932983398,EUROPE
Hungary,HUN,2018,0.8103361129760742,8.184957504272461,EUROPE
Hungary,HUN,2019,2.379092216491699,24.502241134643555,EUROPE
Hungary,HUN,2020,2.139080047607422,17.889141082763672,EUROPE
Hungary,HUN,2021,3.5057144165039062,24.24837303161621,EUROPE
India,IND,1996,-18.536544799804688,-8.162957191467285,ASIA
India,IND,1997,4.454833984375,2.105569839477539,ASIA
India,IND,1998,40.94929504394531,19.149757385253903,ASIA
India,IND,1999,-1.748809814453125,-0.7240116596221924,ASIA
India,IND,2000,-15.145904541015623,-5.9986114501953125,ASIA
India,IND,2001,-13.38958740234375,-5.079758167266846,ASIA
India,IND,2002,-2.772933959960937,6.755316257476807,ASIA
India,IND,2003,3.61346435546875,1.5485167503356934,ASIA
India,IND,2004,99.17469787597656,42.71200942993164,ASIA
India,IND,2005,-6.97906494140625,-1.749330759048462,ASIA
India,IND,2006,56.3436279296875,17.79121208190918,ASIA
India,IND,2007,39.720245361328125,11.18527603149414,ASIA
India,IND,2008,-9.182220458984377,-1.5806198120117188,ASIA
India,IND,2009,-15.64544677734375,-4.093355178833008,ASIA
India,IND,2010,24.136871337890625,7.283461093902588,ASIA
India,IND,2011,86.13204956054688,21.180402755737305,ASIA
India,IND,2012,-24.747314453125,-4.727655410766602,ASIA
India,IND,2013,60.5057373046875,12.75951862335205,ASIA
India,IND,2014,38.1905517578125,7.837283611297607,ASIA
India,IND,2015,4.0999755859375,0.9324908256530762,ASIA
India,IND,2016,10.5350341796875,3.624868392944336,ASIA
India,IND,2017,66.1353759765625,10.91766357421875,ASIA
India,IND,2018,79.1416015625,13.547599792480469,ASIA
India,IND,2019,106.68853759765624,14.760149002075195,ASIA
India,IND,2020,30.609375,3.6626577377319336,ASIA
India,IND,2021,46.24908447265625,6.195461750030518,ASIA
Indonesia,IDN,2009,2.888633728027344,8.623290061950684,ASIA
Indonesia,IDN,2010,17.55145263671875,30.52901077270508,ASIA
Indonesia,IDN,2011,-12.643081665039062,-12.40224838256836,ASIA
Indonesia,IDN,2012,3.908500671386719,12.967514991760254,ASIA
Indonesia,IDN,2013,13.770309448242188,24.53312873840332,ASIA
Indonesia,IDN,2014,3.85540771484375,16.747034072875977,ASIA
Indonesia,IDN,2015,-11.615066528320312,-21.82743453979492,ASIA
Indonesia,IDN,2016,33.853782653808594,73.62660217285156,ASIA
Indonesia,IDN,2017,0.8339920043945312,-3.292745351791382,ASIA
Indonesia,IDN,2018,59.827735900878906,48.02655029296875,ASIA
Indonesia,IDN,2019,22.903854370117188,28.67602157592773,ASIA
Indonesia,IDN,2020,30.611831665039062,21.52705192565918,ASIA
Indonesia,IDN,2021,17.912628173828125,8.813714981079102,ASIA
Iran,IRN,2007,-1.842472076416016,-2.8678178787231445,ASIA
Iran,IRN,2008,-29.72795295715332,-57.823204040527344,ASIA
Iran,IRN,2009,-2.038614273071289,-8.944195747375488,ASIA
Iran,IRN,2010,9.545440673828123,50.07334899902344,ASIA
Iran,IRN,2011,1.171649932861328,4.666471481323242,ASIA
Iran,IRN,2012,4.999248504638672,17.306089401245117,ASIA
Iran,IRN,2013,5.387184143066406,16.041946411132812,ASIA
Iran,IRN,2014,-0.5316658020019531,-0.7515311241149902,ASIA
Iran,IRN,2015,-3.8621826171875,-9.087335586547852,ASIA
Iran,IRN,2016,5.6628265380859375,16.359949111938477,ASIA
Iran,IRN,2017,5.226142883300781,13.171887397766112,ASIA
Iran,IRN,2018,-18.334169387817383,-38.6517333984375,ASIA
Iran,IRN,2019,63.87223052978516,224.04771423339844,ASIA
Iran,IRN,2020,-26.94524383544922,-28.854888916015625,ASIA
Iran,IRN,2021,-21.90961456298828,-33.15489959716797,ASIA
Iraq,IRQ,2014,-4.85080623626709,-37.86274719238281,ASIA
Iraq,IRQ,2015,-0.8250737190246582,-9.99342155456543,ASIA
Iraq,IRQ,2016,2.167330265045166,31.692541122436523,ASIA
Iraq,IRQ,2017,-3.2346339225769043,-34.85889434814453,ASIA
Iraq,IRQ,2018,-0.1383147239685058,-1.752549409866333,ASIA
Iraq,IRQ,2019,8.270210266113281,143.35496520996094,ASIA
Iraq,IRQ,2020,-4.989554405212402,-35.21027374267578,ASIA
Iraq,IRQ,2021,-0.2251167297363281,-2.1193623542785645,ASIA
Ireland,IRL,2010,-1.0924272537231443,-9.23117446899414,EUROPE
Ireland,IRL,2011,4.625865936279297,45.429813385009766,EUROPE
Ireland,IRL,2012,-0.507206916809082,-3.1507015228271484,EUROPE
Ireland,IRL,2013,0.948200225830078,7.042109966278076,EUROPE
Ireland,IRL,2014,2.0107955932617188,13.574433326721191,EUROPE
Ireland,IRL,2015,3.838933944702149,23.04259490966797,EUROPE
Ireland,IRL,2016,-0.926523208618164,-4.346323013305664,EUROPE
Ireland,IRL,2017,3.5396652221679688,18.1025390625,EUROPE
Ireland,IRL,2018,3.446626663208008,14.938092231750488,EUROPE
Ireland,IRL,2019,4.1141510009765625,15.626943588256836,EUROPE
Ireland,IRL,2020,4.368816375732422,14.28595733642578,EUROPE
Ireland,IRL,2021,-5.312795639038086,-14.766770362854004,EUROPE
Israel,ISR,2010,0.2039911448955536,71.71717834472656,ASIA
Israel,ISR,2011,0.3647465705871582,77.0588150024414,ASIA
Israel,ISR,2012,0.4993107914924621,60.79734420776367,ASIA
Israel,ISR,2013,0.2144390344619751,17.933868408203125,ASIA
Israel,ISR,2014,1.062594652175903,67.57185363769531,ASIA
Israel,ISR,2015,0.9449753761291504,37.75221252441406,ASIA
Israel,ISR,2016,1.3612725734710691,37.591064453125,ASIA
Israel,ISR,2017,0.002504825592041,0.5571246147155762,ASIA
Israel,ISR,2018,0.4903855323791504,10.60340404510498,ASIA
Israel,ISR,2019,3.3800506591796875,63.90914916992188,ASIA
Israel,ISR,2020,2.765641212463379,32.12501907348633,ASIA
Israel,ISR,2021,3.4064016342163086,29.93739891052246,ASIA
Italy,ITA,1990,-6.96966552734375,-6.321060657501221,EUROPE
Italy,ITA,1991,31.468826293945312,30.472993850708008,EUROPE
Italy,ITA,1992,0.63818359375,0.5007505416870117,EUROPE
Italy,ITA,1993,-1.6292266845703125,-1.188802719116211,EUROPE
Italy,ITA,1994,8.958038330078125,6.671142578125,EUROPE
Italy,ITA,1995,-20.04013061523437,-14.059120178222656,EUROPE
Italy,ITA,1996,14.085647583007812,11.491310119628906,EUROPE
Italy,ITA,1997,-0.0191802978515625,-0.0338852405548095,EUROPE
Italy,ITA,1998,0.818511962890625,0.5864977836608887,EUROPE
Italy,ITA,1999,14.3614501953125,10.40945053100586,EUROPE
Italy,ITA,2000,-1.2595977783203125,-0.847703218460083,EUROPE
Italy,ITA,2001,9.37384033203125,6.814074516296387,EUROPE
Italy,ITA,2002,-18.373764038085938,-11.097210884094238,EUROPE
Italy,ITA,2003,-4.9408721923828125,-3.0010879039764404,EUROPE
Italy,ITA,2004,22.39219665527344,20.82277488708496,EUROPE
Italy,ITA,2005,-17.114730834960938,-11.042928695678713,EUROPE
Italy,ITA,2006,5.8372650146484375,4.846811294555664,EUROPE
Italy,ITA,2007,-9.21331787109375,-5.909257888793945,EUROPE
Italy,ITA,2008,34.89939880371094,33.11076354980469,EUROPE
Italy,ITA,2009,35.63749694824219,24.182462692260746,EUROPE
Italy,ITA,2010,24.100143432617188,13.010096549987791,EUROPE
Italy,ITA,2011,15.786148071289062,6.254208087921143,EUROPE
Italy,ITA,2012,26.76336669921875,11.235737800598145,EUROPE
Italy,ITA,2013,51.9478759765625,15.476202964782717,EUROPE
Italy,ITA,2014,20.56536865234375,5.152797698974609,EUROPE
Italy,ITA,2015,-33.96258544921875,-7.7061357498168945,EUROPE
Italy,ITA,2016,-4.850341796875,-1.1056303977966309,EUROPE
Italy,ITA,2017,-12.19049072265625,-3.2206833362579346,EUROPE
Italy,ITA,2018,31.729644775390625,10.833954811096191,EUROPE
Italy,ITA,2019,-1.87835693359375,-3.493654727935791,EUROPE
Italy,ITA,2020,-2.2099609375,1.5051841735839844,EUROPE
Italy,ITA,2021,-0.360076904296875,0.3711104393005371,EUROPE
Japan,JPN,1991,23.213409423828125,7.972359657287598,ASIA
Japan,JPN,1992,-41.83245849609375,-13.351112365722656,ASIA
Japan,JPN,1993,36.1964111328125,13.335514068603516,ASIA
Japan,JPN,1994,-77.48748779296875,-25.151330947875977,ASIA
Japan,JPN,1995,45.01104736328125,19.45001983642578,ASIA
Japan,JPN,1996,-1.89593505859375,-0.6995677947998047,ASIA
Japan,JPN,1997,31.28558349609375,11.351776123046877,ASIA
Japan,JPN,1998,7.194244384765625,2.3569345474243164,ASIA
Japan,JPN,1999,-14.284698486328123,-4.619228839874268,ASIA
Japan,JPN,2000,1.41351318359375,0.4963040351867676,ASIA
Japan,JPN,2001,-9.72216796875,-2.6869356632232666,ASIA
Japan,JPN,2002,-0.4224853515625,0.335085391998291,ASIA
Japan,JPN,2003,37.79025268554688,13.672494888305664,ASIA
Japan,JPN,2004,-0.84027099609375,0.2654552459716797,ASIA
Japan,JPN,2005,-28.1383056640625,-8.578056335449219,ASIA
Japan,JPN,2006,31.724578857421875,11.361336708068848,ASIA
Japan,JPN,2007,-37.369476318359375,-11.099773406982422,ASIA
Japan,JPN,2008,-0.98516845703125,0.2320528030395507,ASIA
Japan,JPN,2009,-15.12322998046875,-4.638957977294922,ASIA
Japan,JPN,2010,57.572357177734375,21.56189727783203,ASIA
Japan,JPN,2011,-15.035400390625,-4.014623165130615,ASIA
Japan,JPN,2012,-7.07354736328125,-1.903998851776123,ASIA
Japan,JPN,2013,24.1593017578125,8.282577514648438,ASIA
Japan,JPN,2014,34.753936767578125,11.072694778442385,ASIA
Japan,JPN,2015,54.722747802734375,15.02249240875244,ASIA
Japan,JPN,2016,-10.337738037109377,-1.460963487625122,ASIA
Japan,JPN,2017,39.91302490234375,9.875082969665527,ASIA
Japan,JPN,2018,33.797454833984375,7.824897766113281,ASIA
Japan,JPN,2019,1.040191650390625,0.2745985984802246,ASIA
Japan,JPN,2020,39.08905029296875,8.252334594726562,ASIA
Japan,JPN,2021,32.33642578125,6.527698040008545,ASIA
Kazakhstan,KAZ,2013,0.135843276977539,1.2584805488586426,ASIA
Kazakhstan,KAZ,2014,1.3400211334228516,6.996250152587891,ASIA
Kazakhstan,KAZ,2015,3.018138885498047,14.13770866394043,ASIA
Kazakhstan,KAZ,2016,6.645700454711914,26.868820190429688,ASIA
Kazakhstan,KAZ,2017,-1.0967979431152344,-2.84724235534668,ASIA
Kazakhstan,KAZ,2018,-2.13726806640625,-6.349605560302734,ASIA
Kazakhstan,KAZ,2019,0.4002113342285156,1.7572760581970217,ASIA
Kazakhstan,KAZ,2020,2.087270736694336,7.527494430541992,ASIA
Kazakhstan,KAZ,2021,0.2309398651123047,1.110386848449707,ASIA
Kuwait,KWT,2014,0.0083916671574115,1701.098876953125,ASIA
Kuwait,KWT,2015,0.0048055555671453,55.277610778808594,ASIA
Kuwait,KWT,2016,0.1169824972748756,859.0176391601562,ASIA
Kuwait,KWT,2017,0.0523505508899688,40.88990783691406,ASIA
Kuwait,KWT,2018,-0.0370433330535888,-19.7749137878418,ASIA
Kuwait,KWT,2019,0.0179313868284225,12.698006629943848,ASIA
Kuwait,KWT,2020,-0.0001733303070068,0.2739667892456054,ASIA
Kuwait,KWT,2021,,0.0,ASIA
Latvia,LVA,2012,2.817476272583008,33.071266174316406,EUROPE
Latvia,LVA,2013,-1.4974212646484375,-13.744449615478516,EUROPE
Latvia,LVA,2014,-2.052085399627685,-21.76496315002441,EUROPE
Latvia,LVA,2015,0.0699958801269531,0.7235407829284668,EUROPE
Latvia,LVA,2016,1.8647665977478027,25.076557159423828,EUROPE
Latvia,LVA,2017,5.282810211181641,56.83806991577149,EUROPE
Latvia,LVA,2018,-5.257220268249512,-35.943119049072266,EUROPE
Latvia,LVA,2019,-0.8418569564819336,-8.760225296020508,EUROPE
Latvia,LVA,2020,1.1494884490966797,14.395963668823242,EUROPE
Latvia,LVA,2021,0.0162086486816406,0.714421272277832,EUROPE
Lithuania,LTU,2012,0.2053537368774414,6.357908248901367,EUROPE
Lithuania,LTU,2013,0.9837675094604492,29.00143814086914,EUROPE
Lithuania,LTU,2014,-0.0406579971313476,-1.022469997406006,EUROPE
Lithuania,LTU,2015,0.4621386528015136,11.231029510498049,EUROPE
Lithuania,LTU,2016,1.090019702911377,24.76038932800293,EUROPE
Lithuania,LTU,2017,1.1848783493041992,21.101367950439453,EUROPE
Lithuania,LTU,2018,-0.8890385627746582,-13.090085983276367,EUROPE
Lithuania,LTU,2019,0.6729097366333008,11.946857452392578,EUROPE
Lithuania,LTU,2020,0.294105052947998,4.293060302734375,EUROPE
Lithuania,LTU,2021,-0.4381542205810547,-5.874645709991455,EUROPE
Luxembourg,LUX,2001,-0.0106121599674224,-1.727616786956787,EUROPE
Luxembourg,LUX,2002,-0.0502647459506988,-9.784067153930664,EUROPE
Luxembourg,LUX,2003,-0.0296675264835357,-6.706595420837402,EUROPE
Luxembourg,LUX,2004,0.1565102636814117,38.32632446289063,EUROPE
Luxembourg,LUX,2005,0.0379761457443237,7.0787787437438965,EUROPE
Luxembourg,LUX,2006,0.1042827367782592,17.496692657470703,EUROPE
Luxembourg,LUX,2007,0.0528511404991149,7.705962657928467,EUROPE
Luxembourg,LUX,2008,0.0492144227027893,6.738090515136719,EUROPE
Luxembourg,LUX,2009,-0.0409696698188781,-5.1596760749816895,EUROPE
Luxembourg,LUX,2010,-0.0001569986343383,0.0821471214294433,EUROPE
Luxembourg,LUX,2011,-0.0606846809387207,-8.304607391357422,EUROPE
Luxembourg,LUX,2012,0.168685495853424,25.34169006347656,EUROPE
Luxembourg,LUX,2013,0.1658475995063781,20.163536071777344,EUROPE
Luxembourg,LUX,2014,0.0800374746322631,7.417917251586914,EUROPE
Luxembourg,LUX,2015,0.0900951623916626,8.338415145874023,EUROPE
Luxembourg,LUX,2016,0.073102593421936,6.132268905639648,EUROPE
Luxembourg,LUX,2017,0.392518401145935,31.3016300201416,EUROPE
Luxembourg,LUX,2018,0.2411516904830932,14.020145416259766,EUROPE
Luxembourg,LUX,2019,0.3236260414123535,16.3309326171875,EUROPE
Luxembourg,LUX,2020,0.5201613903045654,22.563289642333984,EUROPE
Luxembourg,LUX,2021,0.2126214504241943,8.151459693908691,EUROPE
Malaysia,MYS,2013,5.885103225708008,21.223974227905277,ASIA
Malaysia,MYS,2014,3.0330123901367188,9.696245193481444,ASIA
Malaysia,MYS,2015,1.5329055786132812,4.473018646240234,ASIA
Malaysia,MYS,2016,16.231487274169922,41.115867614746094,ASIA
Malaysia,MYS,2017,17.904300689697266,32.45947265625,ASIA
Malaysia,MYS,2018,0.8682785034179688,1.313483715057373,ASIA
Malaysia,MYS,2019,1.0734710693359375,1.5912652015686035,ASIA
Malaysia,MYS,2020,4.9156646728515625,6.84661865234375,ASIA
Malaysia,MYS,2021,12.20490264892578,15.523231506347656,ASIA
Mexico,MEX,1991,-3.3328628540039062,-3.8712799549102783,NORTH AMERICA
Mexico,MEX,1992,13.95868682861328,16.59280014038086,NORTH AMERICA
Mexico,MEX,1993,-0.0638656616210937,-0.0708937644958496,NORTH AMERICA
Mexico,MEX,1994,-19.660255432128903,-20.08416748046875,NORTH AMERICA
Mexico,MEX,1995,22.2728271484375,28.39739227294922,NORTH AMERICA
Mexico,MEX,1996,10.297134399414062,10.309219360351562,NORTH AMERICA
Mexico,MEX,1997,-15.559425354003906,-14.039677619934082,NORTH AMERICA
Mexico,MEX,1998,-4.472129821777344,-4.679656028747559,NORTH AMERICA
Mexico,MEX,1999,23.775955200195312,26.15240859985352,NORTH AMERICA
Mexico,MEX,2000,2.8411178588867188,4.050862789154053,NORTH AMERICA
Mexico,MEX,2001,-14.58771514892578,-11.726922035217283,NORTH AMERICA
Mexico,MEX,2002,-11.617904663085938,-10.67814826965332,NORTH AMERICA
Mexico,MEX,2003,-12.66448974609375,-13.019561767578123,NORTH AMERICA
Mexico,MEX,2004,15.757301330566406,20.428443908691406,NORTH AMERICA
Mexico,MEX,2005,9.246429443359377,10.509991645812988,NORTH AMERICA
Mexico,MEX,2006,5.46673583984375,5.791163444519043,NORTH AMERICA
Mexico,MEX,2007,-6.819969177246094,-5.598396301269531,NORTH AMERICA
Mexico,MEX,2008,31.910079956054688,31.472183227539062,NORTH AMERICA
Mexico,MEX,2009,-35.61504364013672,-25.67990493774414,NORTH AMERICA
Mexico,MEX,2010,29.97283172607422,30.681764602661133,NORTH AMERICA
Mexico,MEX,2011,-2.3258590698242188,-1.3446927070617676,NORTH AMERICA
Mexico,MEX,2012,-8.406509399414062,-5.898338317871094,NORTH AMERICA
Mexico,MEX,2013,-8.184005737304688,-6.411105155944824,NORTH AMERICA
Mexico,MEX,2014,35.311485290527344,33.538185119628906,NORTH AMERICA
Mexico,MEX,2015,-14.659042358398438,-9.335315704345703,NORTH AMERICA
Mexico,MEX,2016,3.387451171875,3.202080726623535,NORTH AMERICA
Mexico,MEX,2017,7.2510986328125,5.797851085662842,NORTH AMERICA
Mexico,MEX,2018,11.819656372070312,8.858680725097656,NORTH AMERICA
Mexico,MEX,2019,-3.751983642578125,-1.8600881099700928,NORTH AMERICA
Mexico,MEX,2020,20.763336181640625,14.096951484680176,NORTH AMERICA
Mexico,MEX,2021,29.04443359375,17.02190589904785,NORTH AMERICA
Morocco,MAR,2003,1.7456645965576172,58.74623107910156,AFRICA
Morocco,MAR,2004,0.3894457817077636,8.858513832092285,AFRICA
Morocco,MAR,2005,-1.8056790828704836,-34.58636474609375,AFRICA
Morocco,MAR,2006,-0.0361716747283935,-0.4525601863861084,AFRICA
Morocco,MAR,2007,0.0222492218017578,1.3038277626037598,AFRICA
Morocco,MAR,2008,0.0722701549530029,2.802705764770508,AFRICA
Morocco,MAR,2009,4.853342056274414,143.76068115234375,AFRICA
Morocco,MAR,2010,3.188948631286621,39.43907165527344,AFRICA
Morocco,MAR,2011,-4.011960029602051,-34.62813949584961,AFRICA
Morocco,MAR,2012,-0.9735207557678224,-12.551414489746094,AFRICA
Morocco,MAR,2013,4.433169841766357,69.5561294555664,AFRICA
Morocco,MAR,2014,-1.2537603378295898,-10.967498779296877,AFRICA
Morocco,MAR,2015,2.2283754348754883,23.833953857421875,AFRICA
Morocco,MAR,2016,0.5914783477783203,5.605316162109375,AFRICA
Morocco,MAR,2017,-0.1329212188720703,-0.4807054996490478,AFRICA
Morocco,MAR,2018,4.820952415466309,39.902137756347656,AFRICA
Morocco,MAR,2019,2.728483200073242,16.333066940307617,AFRICA
Morocco,MAR,2020,-1.5544586181640625,-7.47765302658081,AFRICA
Morocco,MAR,2021,1.936819076538086,10.97266674041748,AFRICA
Netherlands,NLD,1993,0.3513777256011963,10.784316062927246,EUROPE
Netherlands,NLD,1994,0.4525957107543945,13.009727478027344,EUROPE
Netherlands,NLD,1995,0.4500253200531006,11.432170867919922,EUROPE
Netherlands,NLD,1996,1.2886238098144531,28.95292091369629,EUROPE
Netherlands,NLD,1997,0.6171045303344727,10.73569107055664,EUROPE
Netherlands,NLD,1998,0.9587101936340332,15.457237243652344,EUROPE
Netherlands,NLD,1999,0.5870118141174316,7.790231704711914,EUROPE
Netherlands,NLD,2000,1.423283576965332,18.326068878173828,EUROPE
Netherlands,NLD,2001,1.0123109817504885,10.73157787322998,EUROPE
Netherlands,NLD,2002,2.0758676528930664,20.100391387939453,EUROPE
Netherlands,NLD,2003,-0.1572723388671875,-0.2797126770019531,EUROPE
Netherlands,NLD,2004,4.112549781799316,34.082149505615234,EUROPE
Netherlands,NLD,2005,6.747758865356445,40.3162841796875,EUROPE
Netherlands,NLD,2006,2.1116485595703125,14.303600311279297,EUROPE
Netherlands,NLD,2007,1.5489635467529297,33.64208984375,EUROPE
Netherlands,NLD,2008,5.1083526611328125,12.057912826538086,EUROPE
Netherlands,NLD,2009,5.140768051147461,18.58860206604004,EUROPE
Netherlands,NLD,2010,-0.3065986633300781,-8.529311180114746,EUROPE
Netherlands,NLD,2011,5.018054962158203,22.336519241333008,EUROPE
Netherlands,NLD,2012,0.2456283569335937,-0.4320681095123291,EUROPE
Netherlands,NLD,2013,-1.4399032592773438,-1.155900955200195,EUROPE
Netherlands,NLD,2014,-1.9637107849121092,-3.2677769660949707,EUROPE
Netherlands,NLD,2015,5.720684051513672,15.520834922790527,EUROPE
Netherlands,NLD,2016,2.5460205078125,5.108606815338135,EUROPE
Netherlands,NLD,2017,7.3217926025390625,16.095661163330078,EUROPE
Netherlands,NLD,2018,4.932117462158203,12.002182006835938,EUROPE
Netherlands,NLD,2019,12.877464294433594,23.36012077331543,EUROPE
Netherlands,NLD,2020,29.178855895996094,35.094749450683594,EUROPE
Netherlands,NLD,2021,18.272735595703125,13.440906524658203,EUROPE
New Zealand,NZL,2008,-2.0571441650390625,-1.8378913402557373,AUSTRALIA
New Zealand,NZL,2009,7.780029296875,10.521459579467772,AUSTRALIA
New Zealand,NZL,2010,4.07623291015625,5.422604084014893,AUSTRALIA
New Zealand,NZL,2011,2.2645034790039062,3.1329751014709477,AUSTRALIA
New Zealand,NZL,2012,-5.6082916259765625,-5.416268348693848,AUSTRALIA
New Zealand,NZL,2013,0.7238922119140625,1.4565825462341309,AUSTRALIA
New Zealand,NZL,2014,5.562446594238281,6.971824169158936,AUSTRALIA
New Zealand,NZL,2015,2.0340652465820312,2.80381441116333,AUSTRALIA
New Zealand,NZL,2016,3.1626434326171875,3.868043422698975,AUSTRALIA
New Zealand,NZL,2017,-3.1274948120117188,-2.567589282989502,AUSTRALIA
New Zealand,NZL,2018,2.089935302734375,2.7541399002075195,AUSTRALIA
New Zealand,NZL,2019,-1.2947540283203125,-0.9585201740264891,AUSTRALIA
New Zealand,NZL,2020,-3.542182922363281,-3.2825052738189697,AUSTRALIA
New Zealand,NZL,2021,0.54998779296875,0.9351730346679688,AUSTRALIA
North Macedonia,MKD,2011,-2.791130304336548,-41.00544357299805,EUROPE
North Macedonia,MKD,2012,-1.0942413806915283,-27.216869354248047,EUROPE
North Macedonia,MKD,2013,1.479506015777588,52.61190032958984,EUROPE
North Macedonia,MKD,2014,-0.8423891067504883,-18.917041778564453,EUROPE
North Macedonia,MKD,2015,1.9742894172668457,57.066856384277344,EUROPE
North Macedonia,MKD,2016,0.0772852897644043,1.862287521362305,EUROPE
North Macedonia,MKD,2017,-2.0742604732513428,-37.28416442871094,EUROPE
North Macedonia,MKD,2018,1.7532660961151123,51.65522003173828,EUROPE
North Macedonia,MKD,2019,-1.6569337844848633,-31.631649017333984,EUROPE
North Macedonia,MKD,2020,0.3329463005065918,9.752345085144045,EUROPE
North Macedonia,MKD,2021,0.4009642601013183,10.79469871520996,EUROPE
Norway,NOR,2001,-65.4676513671875,-15.028858184814451,EUROPE
Norway,NOR,2002,23.733673095703125,7.382190227508545,EUROPE
Norway,NOR,2003,-70.92861938476562,-18.22386932373047,EUROPE
Norway,NOR,2004,7.766754150390625,3.1779050827026367,EUROPE
Norway,NOR,2005,75.68280029296875,24.796236038208008,EUROPE
Norway,NOR,2006,-48.341888427734375,-11.816901206970217,EUROPE
Norway,NOR,2007,38.9814453125,12.077224731445312,EUROPE
Norway,NOR,2008,12.87237548828125,4.01679277420044,EUROPE
Norway,NOR,2009,-41.221466064453125,-9.879291534423828,EUROPE
Norway,NOR,2010,-25.7447509765625,-6.730389595031738,EUROPE
Norway,NOR,2011,8.877105712890625,3.339850902557373,EUROPE
Norway,NOR,2012,57.459747314453125,17.797863006591797,EUROPE
Norway,NOR,2013,-38.2554931640625,-9.177017211914062,EUROPE
Norway,NOR,2014,18.08807373046875,5.738067626953125,EUROPE
Norway,NOR,2015,3.597991943359375,1.5666484832763672,EUROPE
Norway,NOR,2016,10.353179931640623,3.358030319213867,EUROPE
Norway,NOR,2017,-1.574249267578125,0.185394287109375,EUROPE
Norway,NOR,2018,-7.35223388671875,-1.327502727508545,EUROPE
Norway,NOR,2019,-33.273681640625,-8.456659317016602,EUROPE
Norway,NOR,2020,51.213470458984375,15.250277519226074,EUROPE
Norway,NOR,2021,9.793182373046877,2.8451919555664062,EUROPE
Oman,OMN,2014,-2.77778599411e-05,0.0,ASIA
Oman,OMN,2015,0.0067222220823168,208.3333282470703,ASIA
Oman,OMN,2016,0.0012499997392296,13.405394554138184,ASIA
Oman,OMN,2017,0.0301874987781047,270.82940673828125,ASIA
Oman,OMN,2018,0.0001600012183189,0.976860523223877,ASIA
Oman,OMN,2019,0.025013331323862,60.73701477050781,ASIA
Oman,OMN,2020,0.7642130851745605,1152.5772705078125,ASIA
Oman,OMN,2021,,0.0,ASIA
Pakistan,PAK,2008,-12.747222900390623,-13.694561004638672,ASIA
Pakistan,PAK,2009,3.464668273925781,5.158710479736328,ASIA
Pakistan,PAK,2010,2.483749389648437,3.729736804962158,ASIA
Pakistan,PAK,2011,1.69622802734375,2.6752114295959477,ASIA
Pakistan,PAK,2012,-54.774147033691406,-64.62747192382812,ASIA
Pakistan,PAK,2013,56.92032623291016,193.42300415039065,ASIA
Pakistan,PAK,2014,2.5849533081054688,3.6046624183654794,ASIA
Pakistan,PAK,2015,1.964202880859375,2.769041061401367,ASIA
Pakistan,PAK,2016,7.472869873046875,8.585572242736816,ASIA
Pakistan,PAK,2017,-7.516799926757812,-7.398450374603271,ASIA
Pakistan,PAK,2018,0.359100341796875,0.995802879333496,ASIA
Pakistan,PAK,2019,16.85950469970703,19.22382164001465,ASIA
Pakistan,PAK,2020,9.038932800292969,8.754873275756836,ASIA
Pakistan,PAK,2021,-3.5782699584960938,-2.740347385406494,ASIA
Peru,PER,2013,1.725250244140625,3.149700164794922,SOUTH AMERICA
Peru,PER,2014,1.0949554443359375,2.047908306121826,SOUTH AMERICA
Peru,PER,2015,3.3750152587890625,6.094670295715332,SOUTH AMERICA
Peru,PER,2016,0.2055816650390625,1.3247251510620115,SOUTH AMERICA
Peru,PER,2017,13.388031005859377,20.023584365844727,SOUTH AMERICA
Peru,PER,2018,6.476768493652344,8.461189270019531,SOUTH AMERICA
Peru,PER,2019,1.9674530029296875,2.614104747772217,SOUTH AMERICA
Peru,PER,2020,-2.201263427734375,-2.1072685718536377,SOUTH AMERICA
Peru,PER,2021,3.7023696899414062,4.51815128326416,SOUTH AMERICA
Philippines,PHL,2006,5.733547210693359,11.749374389648438,ASIA
Philippines,PHL,2007,-4.914192199707031,-7.928079605102539,ASIA
Philippines,PHL,2008,4.650798797607422,9.50632095336914,ASIA
Philippines,PHL,2009,-1.5207786560058594,-2.1194517612457275,ASIA
Philippines,PHL,2010,-6.861236572265625,-11.728137969970703,ASIA
Philippines,PHL,2011,5.319614410400391,11.343633651733398,ASIA
Philippines,PHL,2012,2.187686920166016,4.621171951293945,ASIA
Philippines,PHL,2013,-2.588573455810547,-4.135781288146973,ASIA
Philippines,PHL,2014,-0.6526412963867188,-0.4687428474426269,ASIA
Philippines,PHL,2015,2.8025436401367188,5.823028087615967,ASIA
Philippines,PHL,2016,2.5813217163085938,4.8479437828063965,ASIA
Philippines,PHL,2017,3.129150390625,5.501842498779297,ASIA
Philippines,PHL,2018,0.0567398071289062,0.5916357040405273,ASIA
Philippines,PHL,2019,-3.653839111328125,-5.494081974029541,ASIA
Philippines,PHL,2020,-1.2250137329101562,-1.975452899932861,ASIA
Philippines,PHL,2021,3.080699920654297,5.675339698791504,ASIA
Poland,POL,2012,12.148582458496094,21.893178939819336,EUROPE
Poland,POL,2013,-0.5201568603515625,-0.1711905002593994,EUROPE
Poland,POL,2014,7.627613067626953,9.237253189086914,EUROPE
Poland,POL,2015,6.311851501464844,7.584059238433838,EUROPE
Poland,POL,2016,-2.757308959960937,-7.240754127502441,EUROPE
Poland,POL,2017,4.429931640625,11.696493148803713,EUROPE
Poland,POL,2018,-3.298919677734375,3.421032428741455,EUROPE
Poland,POL,2019,11.447105407714844,14.547359466552734,EUROPE
Poland,POL,2020,5.317398071289063,6.443285942077637,EUROPE
Poland,POL,2021,7.64813232421875,8.782064437866211,EUROPE
Portugal,PRT,1990,9.968050003051758,51.97383117675781,EUROPE
Portugal,PRT,1997,-4.59503173828125,-9.879046440124512,EUROPE
Portugal,PRT,1998,-0.2366294860839843,-0.5523145198822021,EUROPE
Portugal,PRT,1999,-16.246381759643555,-38.89234161376953,EUROPE
Portugal,PRT,2000,12.51152229309082,48.7985954284668,EUROPE
Portugal,PRT,2001,8.228206634521484,22.32755470275879,EUROPE
Portugal,PRT,2002,-17.775426864624023,-38.17146301269531,EUROPE
Portugal,PRT,2003,22.94525718688965,81.91679382324219,EUROPE
Portugal,PRT,2004,-15.775604248046877,-30.423694610595703,EUROPE
Portugal,PRT,2005,-11.86948585510254,-33.1937141418457,EUROPE
Portugal,PRT,2006,21.806028366088867,100.0822525024414,EUROPE
Portugal,PRT,2007,2.0517578125,7.735335826873779,EUROPE
Portugal,PRT,2008,-4.524604797363281,-8.421402931213379,EUROPE
Portugal,PRT,2009,11.084293365478516,28.70975685119629,EUROPE
Portugal,PRT,2010,29.0559196472168,53.79010391235352,EUROPE
Portugal,PRT,2011,-12.236770629882812,-13.905668258666992,EUROPE
Portugal,PRT,2012,-13.658512115478516,-18.2962589263916,EUROPE
Portugal,PRT,2013,27.25059127807617,44.45072555541992,EUROPE
Portugal,PRT,2014,5.246406555175781,6.44533634185791,EUROPE
Portugal,PRT,2015,-18.94248962402344,-18.22114562988281,EUROPE
Portugal,PRT,2016,19.96231842041016,24.90780258178711,EUROPE
Portugal,PRT,2017,-26.466819763183597,-28.115427017211918,EUROPE
Portugal,PRT,2018,18.041061401367188,27.96846580505371,EUROPE
Portugal,PRT,2019,-5.402099609375,-6.111783027648926,EUROPE
Portugal,PRT,2020,6.6592864990234375,7.496213912963867,EUROPE
Portugal,PRT,2021,2.8663406372070312,5.1910400390625,EUROPE
Qatar,QAT,2012,-2.77757644653e-05,0.0,ASIA
Qatar,QAT,2013,0.0072222352027893,2.291750907897949,ASIA
Qatar,QAT,2014,0.0074166655540466,2.323031425476074,ASIA
Qatar,QAT,2015,-0.0001111030578613,0.0,ASIA
Qatar,QAT,2016,0.0048611164093017,1.5311002731323242,ASIA
Qatar,QAT,2017,-0.000138908624649,0.0,ASIA
Qatar,QAT,2018,-0.0001111030578613,0.0,ASIA
Qatar,QAT,2019,-8.33272933959e-05,0.0,ASIA
Qatar,QAT,2020,0.0009766519069671,0.2739667892456054,ASIA
Qatar,QAT,2021,,0.0,ASIA
Romania,ROU,2010,12.954227447509766,30.52594757080078,EUROPE
Romania,ROU,2011,-11.305580139160156,-19.643461227416992,EUROPE
Romania,ROU,2012,-4.068935394287109,-8.508020401000977,EUROPE
Romania,ROU,2013,13.56487274169922,33.897220611572266,EUROPE
Romania,ROU,2014,13.513355255126951,25.327861785888672,EUROPE
Romania,ROU,2015,2.7230377197265625,4.60965633392334,EUROPE
Romania,ROU,2016,1.6477127075195312,2.927255630493164,EUROPE
Romania,ROU,2017,-7.569862365722656,-9.962672233581545,EUROPE
Romania,ROU,2018,4.640434265136719,7.873523235321045,EUROPE
Romania,ROU,2019,-4.32073974609375,-5.947792530059815,EUROPE
Romania,ROU,2020,-0.2902374267578125,-0.1244902610778808,EUROPE
Romania,ROU,2021,3.2127609252929688,5.204212665557861,EUROPE
Russia,RUS,2012,-1.769927978515625,0.2124547958374023,EUROPE
Russia,RUS,2013,45.479339599609375,10.78345775604248,EUROPE
Russia,RUS,2014,-23.1378173828125,-4.097425937652588,EUROPE
Russia,RUS,2015,-16.931121826171875,-3.0117928981781006,EUROPE
Russia,RUS,2016,42.06231689453125,9.893441200256348,EUROPE
Russia,RUS,2017,-1.058502197265625,0.3722071647644043,EUROPE
Russia,RUS,2018,12.0125732421875,3.0254125595092773,EUROPE
Russia,RUS,2019,9.19342041015625,2.184152603149414,EUROPE
Russia,RUS,2020,49.98345947265625,10.068774223327637,EUROPE
Russia,RUS,2021,8.38385009765625,1.8509387969970703,EUROPE
Saudi Arabia,SAU,2009,-1.11111439764e-05,0.0,ASIA
Saudi Arabia,SAU,2010,0.0096611101180315,571.4286499023438,ASIA
Saudi Arabia,SAU,2011,0.0035000005736947,31.8659782409668,ASIA
Saudi Arabia,SAU,2012,0.0554338879883289,375.4636840820313,ASIA
Saudi Arabia,SAU,2013,0.0454672202467918,65.67849731445312,ASIA
Saudi Arabia,SAU,2014,0.0085338950157165,8.018827438354492,ASIA
Saudi Arabia,SAU,2015,-0.0007397234439849,0.0,ASIA
Saudi Arabia,SAU,2016,-0.0007311180233955,0.0,ASIA
Saudi Arabia,SAU,2017,0.0502544417977333,41.74930953979492,ASIA
Saudi Arabia,SAU,2018,0.2488824874162674,145.23057556152344,ASIA
Saudi Arabia,SAU,2019,0.1229897141456604,29.625057220458984,ASIA
Saudi Arabia,SAU,2020,-0.0005141496658325,0.2739787101745605,ASIA
Saudi Arabia,SAU,2021,,0.0,ASIA
Singapore,SGP,2009,0.0234018564224243,1.438772678375244,ASIA
Singapore,SGP,2010,0.1958858966827392,11.645293235778809,ASIA
Singapore,SGP,2011,0.0624890327453613,3.360569477081299,ASIA
Singapore,SGP,2012,0.1064260005950927,5.544650554656982,ASIA
Singapore,SGP,2013,0.2352011203765869,11.548673629760742,ASIA
Singapore,SGP,2014,0.1533668041229248,7.004952430725098,ASIA
Singapore,SGP,2015,0.2838523387908935,12.026750564575195,ASIA
Singapore,SGP,2016,0.0713040828704834,3.3676505088806152,ASIA
Singapore,SGP,2017,0.0047826766967773,0.8582949638366699,ASIA
Singapore,SGP,2018,-0.0086674690246582,0.0002264976501464,ASIA
Singapore,SGP,2019,0.1483304500579834,6.37657642364502,ASIA
Singapore,SGP,2020,0.0211842060089111,2.6224136352539062,ASIA
Singapore,SGP,2021,,0.0,ASIA
Slovakia,SVK,2011,-2.570375442504883,-15.99239730834961,EUROPE
Slovakia,SVK,2012,1.4131736755371094,10.701775550842283,EUROPE
Slovakia,SVK,2013,2.2838191986083984,16.174007415771484,EUROPE
Slovakia,SVK,2014,0.4011440277099609,1.4402270317077637,EUROPE
Slovakia,SVK,2015,-0.220956802368164,-1.5459775924682615,EUROPE
Slovakia,SVK,2016,0.7389621734619141,4.646944999694824,EUROPE
Slovakia,SVK,2017,-0.0915508270263671,0.0150680541992187,EUROPE
Slovakia,SVK,2018,-2.034879684448242,-11.114520072937012,EUROPE
Slovakia,SVK,2019,2.205987930297852,14.433347702026367,EUROPE
Slovakia,SVK,2020,0.5001430511474609,3.2059073448181152,EUROPE
Slovakia,SVK,2021,0.4102993011474609,1.3694047927856443,EUROPE
Slovenia,SVN,2009,1.5723505020141602,13.967525482177734,EUROPE
Slovenia,SVN,2010,-0.5132761001586914,-3.2573282718658447,EUROPE
Slovenia,SVN,2011,-2.4687891006469727,-18.35017204284668,EUROPE
Slovenia,SVN,2012,1.177225112915039,11.572158813476562,EUROPE
Slovenia,SVN,2013,2.055916786193848,18.01803207397461,EUROPE
Slovenia,SVN,2014,3.991701126098633,29.41865921020508,EUROPE
Slovenia,SVN,2015,-6.176480293273926,-34.1348991394043,EUROPE
Slovenia,SVN,2016,1.827776908874512,16.165685653686523,EUROPE
Slovenia,SVN,2017,-1.6853580474853516,-12.0023193359375,EUROPE
Slovenia,SVN,2018,2.0037717819213867,17.660247802734375,EUROPE
Slovenia,SVN,2019,-0.5669174194335938,-3.688836097717285,EUROPE
Slovenia,SVN,2020,1.386648178100586,10.725652694702148,EUROPE
Slovenia,SVN,2021,-0.7524833679199219,-4.882091522216797,EUROPE
South Africa,ZAF,2001,1.6308608055114746,35.716102600097656,AFRICA
South Africa,ZAF,2002,1.150134563446045,18.645870208740234,AFRICA
South Africa,ZAF,2003,-3.827422618865967,-50.88543701171875,AFRICA
South Africa,ZAF,2004,0.2747468948364258,8.25244140625,AFRICA
South Africa,ZAF,2005,1.2188377380371094,31.40505599975586,AFRICA
South Africa,ZAF,2006,4.371829509735107,86.63334655761719,AFRICA
South Africa,ZAF,2007,-0.058511734008789,-0.1649677753448486,AFRICA
South Africa,ZAF,2008,-4.452338218688965,-47.16635894775391,AFRICA
South Africa,ZAF,2009,0.5208683013916016,11.123620986938477,AFRICA
South Africa,ZAF,2010,-1.0281720161437988,-18.076587677001957,AFRICA
South Africa,ZAF,2011,5.482555866241455,124.4580535888672,AFRICA
South Africa,ZAF,2012,-5.611838817596436,-56.469364166259766,AFRICA
South Africa,ZAF,2013,0.817692756652832,19.020795822143555,AFRICA
South Africa,ZAF,2014,6.529036998748779,130.9945831298828,AFRICA
South Africa,ZAF,2015,5.50693416595459,48.30753707885742,AFRICA
South Africa,ZAF,2016,6.683979034423828,39.66997909545898,AFRICA
South Africa,ZAF,2017,11.51084327697754,49.00435256958008,AFRICA
South Africa,ZAF,2018,2.332782745361328,7.144236564636231,AFRICA
South Africa,ZAF,2019,1.5424156188964844,4.473519325256348,AFRICA
South Africa,ZAF,2020,3.9373626708984375,10.447192192077637,AFRICA
South Africa,ZAF,2021,3.797531127929688,9.20356559753418,AFRICA
South Korea,KOR,1991,-3.542177200317383,-25.569135665893555,ASIA
South Korea,KOR,1992,-1.1461067199707031,-11.115360260009766,ASIA
South Korea,KOR,1993,3.3446407318115234,36.49361038208008,ASIA
South Korea,KOR,1994,-5.563447952270508,-44.47311782836914,ASIA
South Korea,KOR,1995,2.0187997817993164,28.216480255126957,ASIA
South Korea,KOR,1996,-0.5009126663208008,-6.028241157531738,ASIA
South Korea,KOR,1997,0.117624282836914,2.3189663887023926,ASIA
South Korea,KOR,1998,4.2753496170043945,49.98031997680664,ASIA
South Korea,KOR,1999,-0.2496757507324218,-1.997220516204834,ASIA
South Korea,KOR,2000,-0.4340772628784179,-3.433406352996826,ASIA
South Korea,KOR,2001,-4.992404937744141,-40.7201042175293,ASIA
South Korea,KOR,2002,2.8904056549072266,40.91535949707031,ASIA
South Korea,KOR,2003,4.792157173156738,48.70809173583984,ASIA
South Korea,KOR,2004,-1.2764434814453125,-7.460880279541016,ASIA
South Korea,KOR,2005,-1.670501708984375,-10.411876678466797,ASIA
South Korea,KOR,2006,0.1081924438476562,8.631622314453125,ASIA
South Korea,KOR,2007,1.846395492553711,21.241628646850582,ASIA
South Korea,KOR,2008,0.9305152893066406,16.744064331054688,ASIA
South Korea,KOR,2009,1.2270746231079102,16.148365020751953,ASIA
South Korea,KOR,2010,11.972753524780272,62.82283020019531,ASIA
South Korea,KOR,2011,12.053049087524414,30.783153533935547,ASIA
South Korea,KOR,2012,1.605548858642578,4.184436798095703,ASIA
South Korea,KOR,2013,7.524158477783203,24.16514205932617,ASIA
South Korea,KOR,2014,8.602890014648438,9.113693237304688,ASIA
South Korea,KOR,2015,5.671867370605469,8.449482917785645,ASIA
South Korea,KOR,2016,6.049350738525391,9.289169311523438,ASIA
South Korea,KOR,2017,14.762779235839844,18.56513023376465,ASIA
South Korea,KOR,2018,12.41962432861328,20.50770568847656,ASIA
South Korea,KOR,2019,6.875511169433594,7.719874382019043,ASIA
South Korea,KOR,2020,1.0764083862304688,3.6330580711364746,ASIA
South Korea,KOR,2021,25.47857666015625,19.74139213562012,ASIA
Spain,ESP,1990,17.824138641357422,30.2312126159668,EUROPE
Spain,ESP,1991,5.529556274414063,7.198953628540039,EUROPE
Spain,ESP,1992,-24.35781478881836,-29.59131622314453,EUROPE
Spain,ESP,1993,16.190448760986328,27.925121307373047,EUROPE
Spain,ESP,1994,11.6143798828125,15.641319274902344,EUROPE
Spain,ESP,1995,-13.502815246582031,-15.846091270446776,EUROPE
Spain,ESP,1996,49.85106658935547,69.04703521728516,EUROPE
Spain,ESP,1997,-12.522178649902344,-10.336626052856444,EUROPE
Spain,ESP,1998,-0.2589950561523437,-0.2513825893402099,EUROPE
Spain,ESP,1999,-28.208641052246094,-25.89220428466797,EUROPE
Spain,ESP,2000,25.78706359863281,33.95230865478516,EUROPE
Spain,ESP,2001,39.42359924316406,37.20531463623047,EUROPE
Spain,ESP,2002,-42.37181091308594,-27.42133140563965,EUROPE
Spain,ESP,2003,62.45964050292969,60.53196334838867,EUROPE
Spain,ESP,2004,-17.224319458007812,-9.844732284545898,EUROPE
Spain,ESP,2005,-26.00904083251953,-15.36717414855957,EUROPE
Spain,ESP,2006,27.760215759277344,20.912397384643555,EUROPE
Spain,ESP,2007,16.312850952148438,11.006665229797363,EUROPE
Spain,ESP,2008,11.242874145507812,7.75219202041626,EUROPE
Spain,ESP,2009,32.14508056640625,19.59601593017578,EUROPE
Spain,ESP,2010,75.48281860351562,46.43008804321289,EUROPE
Spain,ESP,2011,-26.695343017578125,-6.344592571258545,EUROPE
Spain,ESP,2012,5.50634765625,5.0774335861206055,EUROPE
Spain,ESP,2013,50.320709228515625,9.103166580200195,EUROPE
Spain,ESP,2014,-2.926239013671875,-0.0828921794891357,EUROPE
Spain,ESP,2015,-36.744873046875,-10.635680198669434,EUROPE
Spain,ESP,2016,20.148956298828125,8.338249206542969,EUROPE
Spain,ESP,2017,-43.70219421386719,-12.3554048538208,EUROPE
Spain,ESP,2018,46.25886535644531,20.043922424316406,EUROPE
Spain,ESP,2019,-21.931884765625,-6.362408638000488,EUROPE
Spain,ESP,2020,41.639434814453125,11.986947059631348,EUROPE
Spain,ESP,2021,28.861541748046875,8.396387100219727,EUROPE
Sri Lanka,LKA,2001,-0.3136463165283203,-2.674311399459839,ASIA
Sri Lanka,LKA,2002,-1.275522232055664,-13.347053527832031,ASIA
Sri Lanka,LKA,2003,1.7446517944335938,22.88036346435547,ASIA
Sri Lanka,LKA,2004,-1.0669736862182615,-10.49656867980957,ASIA
Sri Lanka,LKA,2005,1.358809471130371,16.576396942138672,ASIA
Sri Lanka,LKA,2006,3.306410789489746,34.13300323486328,ASIA
Sri Lanka,LKA,2007,-2.02554702758789,-14.765024185180664,ASIA
Sri Lanka,LKA,2008,0.4623270034790039,4.757475852966309,ASIA
Sri Lanka,LKA,2009,-0.7077236175537109,-5.539006233215332,ASIA
Sri Lanka,LKA,2010,4.969297409057617,46.198429107666016,ASIA
Sri Lanka,LKA,2011,-2.915116310119629,-17.80543327331543,ASIA
Sri Lanka,LKA,2012,-3.468027114868164,-26.18191909790039,ASIA
Sri Lanka,LKA,2013,10.092775344848633,106.96012878417967,ASIA
Sri Lanka,LKA,2014,-6.340873718261719,-31.92431259155273,ASIA
Sri Lanka,LKA,2015,4.035097122192383,31.084251403808597,ASIA
Sri Lanka,LKA,2016,-4.639032363891602,-26.40776634216309,ASIA
Sri Lanka,LKA,2017,-0.1866083145141601,-0.8784115314483643,ASIA
Sri Lanka,LKA,2018,6.438000679016113,52.37773513793945,ASIA
Sri Lanka,LKA,2019,-3.6584339141845694,-19.145620346069336,ASIA
Sri Lanka,LKA,2020,1.1904010772705078,8.204639434814453,ASIA
Sri Lanka,LKA,2021,6.247499465942383,38.51203918457031,ASIA
Sweden,SWE,1994,-45.72801208496094,-20.123327255249023,EUROPE
Sweden,SWE,1995,27.097686767578125,14.908313751220703,EUROPE
Sweden,SWE,1996,-49.0025634765625,-23.460792541503903,EUROPE
Sweden,SWE,1997,53.46858215332031,33.38703918457031,EUROPE
Sweden,SWE,1998,17.14923095703125,8.05046558380127,EUROPE
Sweden,SWE,1999,-9.141845703125,-3.9636552333831783,EUROPE
Sweden,SWE,2000,25.14752197265625,11.228537559509276,EUROPE
Sweden,SWE,2001,-1.06463623046875,0.2189040184020996,EUROPE
Sweden,SWE,2002,-36.94737243652344,-14.616781234741213,EUROPE
Sweden,SWE,2003,-37.151458740234375,-17.44655418395996,EUROPE
Sweden,SWE,2004,28.39125061035156,16.873538970947266,EUROPE
Sweden,SWE,2005,36.43475341796875,20.65868377685547,EUROPE
Sweden,SWE,2006,-29.61216735839844,-11.904925346374512,EUROPE
Sweden,SWE,2007,17.846542358398438,9.102058410644531,EUROPE
Sweden,SWE,2008,11.425094604492188,6.730866432189941,EUROPE
Sweden,SWE,2009,-6.6076202392578125,-2.703237533569336,EUROPE
Sweden,SWE,2010,8.885345458984375,5.912673473358154,EUROPE
Sweden,SWE,2011,6.589523315429688,4.00012731552124,EUROPE
Sweden,SWE,2012,37.54902648925781,16.188526153564453,EUROPE
Sweden,SWE,2013,-44.4244384765625,-14.828896522521973,EUROPE
Sweden,SWE,2014,9.207565307617188,6.124234199523926,EUROPE
Sweden,SWE,2015,45.78321838378906,19.537841796875,EUROPE
Sweden,SWE,2016,-33.2073974609375,-8.565628051757812,EUROPE
Sweden,SWE,2017,16.42901611328125,7.449173927307129,EUROPE
Sweden,SWE,2018,-12.634246826171877,-4.305273056030273,EUROPE
Sweden,SWE,2019,20.89389038085937,7.741129398345947,EUROPE
Sweden,SWE,2020,31.0777587890625,10.029888153076172,EUROPE
Sweden,SWE,2021,7.397003173828125,3.481578826904297,EUROPE
Switzerland,CHE,1991,6.745361328125,7.544815540313721,EUROPE
Switzerland,CHE,1992,2.003036499023437,2.0711302757263184,EUROPE
Switzerland,CHE,1993,9.122352600097656,9.293127059936523,EUROPE
Switzerland,CHE,1994,9.923820495605469,9.238457679748535,EUROPE
Switzerland,CHE,1995,-11.455604553222656,-9.781044960021973,EUROPE
Switzerland,CHE,1996,-18.86089324951172,-17.849815368652344,EUROPE
Switzerland,CHE,1997,15.810958862304688,18.193662643432617,EUROPE
Switzerland,CHE,1998,-1.5836868286132812,-1.5499591827392578,EUROPE
Switzerland,CHE,1999,19.514991760253903,19.29705047607422,EUROPE
Switzerland,CHE,2000,-9.105300903320312,-7.56906270980835,EUROPE
Switzerland,CHE,2001,12.616073608398438,12.025022506713867,EUROPE
Switzerland,CHE,2002,-18.62335968017578,-14.48521614074707,EUROPE
Switzerland,CHE,2003,-1.75634765625,-1.0545015335083008,EUROPE
Switzerland,CHE,2004,-3.4381637573242188,-2.727913856506348,EUROPE
Switzerland,CHE,2005,-7.67584228515625,-7.111155986785889,EUROPE
Switzerland,CHE,2006,-0.9173049926757812,-0.4308044910430908,EUROPE
Switzerland,CHE,2007,11.740974426269531,13.509977340698242,EUROPE
Switzerland,CHE,2008,1.7792205810546875,2.321934700012207,EUROPE
Switzerland,CHE,2009,-1.439544677734375,-0.7803797721862793,EUROPE
Switzerland,CHE,2010,0.6095504760742188,1.1723875999450684,EUROPE
Switzerland,CHE,2011,-10.083488464355469,-9.210491180419922,EUROPE
Switzerland,CHE,2012,17.34569549560547,19.113540649414062,EUROPE
Switzerland,CHE,2013,-0.2152481079101562,0.354468822479248,EUROPE
Switzerland,CHE,2014,-0.6272201538085938,-0.0188469886779785,EUROPE
Switzerland,CHE,2015,0.5154037475585938,1.0768890380859375,EUROPE
Switzerland,CHE,2016,-9.391372680664062,-8.023298263549805,EUROPE
Switzerland,CHE,2017,-0.6292800903320312,-0.1205623149871826,EUROPE
Switzerland,CHE,2018,1.3784408569335938,1.9545555114746092,EUROPE
Switzerland,CHE,2019,8.455718994140625,8.65943431854248,EUROPE
Switzerland,CHE,2020,0.6067581176757812,0.8501052856445312,EUROPE
Switzerland,CHE,2021,-2.3507080078125,-1.7583847045898438,EUROPE
Taiwan,TWN,2001,2.37384033203125,14.51658058166504,ASIA
Taiwan,TWN,2002,-5.941587448120117,-31.58309555053711,ASIA
Taiwan,TWN,2003,1.2654104232788086,9.94228172302246,ASIA
Taiwan,TWN,2004,0.6969518661499023,5.241668224334717,ASIA
Taiwan,TWN,2005,2.6027755737304688,18.27894401550293,ASIA
Taiwan,TWN,2006,0.4980449676513672,3.350222110748291,ASIA
Taiwan,TWN,2007,1.4268836975097656,8.489394187927246,ASIA
Taiwan,TWN,2008,-0.1909675598144531,-0.4222691059112549,ASIA
Taiwan,TWN,2009,-1.2947120666503906,-6.303226947784424,ASIA
Taiwan,TWN,2010,2.135652542114258,12.469649314880373,ASIA
Taiwan,TWN,2011,0.7739772796630859,4.417860507965088,ASIA
Taiwan,TWN,2012,4.524406433105469,22.800552368164062,ASIA
Taiwan,TWN,2013,0.3225955963134765,1.7542481422424316,ASIA
Taiwan,TWN,2014,-2.724838256835937,-10.536402702331545,ASIA
Taiwan,TWN,2015,1.3225116729736328,6.348025798797607,ASIA
Taiwan,TWN,2016,5.8907623291015625,25.590824127197266,ASIA
Taiwan,TWN,2017,-1.0645160675048828,-3.054004907608032,ASIA
Taiwan,TWN,2018,0.3844718933105469,1.6316413879394531,ASIA
Taiwan,TWN,2019,6.689802169799805,23.623348236083984,ASIA
Taiwan,TWN,2020,-0.2848281860351562,-0.4699826240539551,ASIA
Taiwan,TWN,2021,5.744850158691406,16.728687286376953,ASIA
Thailand,THA,2007,0.9213294982910156,0.7994651794433594,ASIA
Thailand,THA,2008,0.5843849182128906,26.240550994873047,ASIA
Thailand,THA,2009,2.4093894958496094,14.74158763885498,ASIA
Thailand,THA,2010,-0.6823501586914062,-0.9035229682922364,ASIA
Thailand,THA,2011,9.039283752441406,18.292665481567383,ASIA
Thailand,THA,2012,7.286491394042969,20.77863311767578,ASIA
Thailand,THA,2013,1.4687995910644531,11.72168254852295,ASIA
Thailand,THA,2014,7.198448181152344,14.87835693359375,ASIA
Thailand,THA,2015,0.3574905395507812,2.7010202407836914,ASIA
Thailand,THA,2016,7.155590057373047,8.201956748962402,ASIA
Thailand,THA,2017,11.621131896972656,15.8156156539917,ASIA
Thailand,THA,2018,18.75493621826172,19.28542900085449,ASIA
Thailand,THA,2019,8.8216552734375,10.04987907409668,ASIA
Thailand,THA,2020,-7.551467895507812,-4.8854827880859375,ASIA
Thailand,THA,2021,2.5092010498046875,-0.564807653427124,ASIA
Trinidad and Tobago,TTO,2001,0.0302213877439498,47.240020751953125,NORTH AMERICA
Trinidad and Tobago,TTO,2002,-0.0086377784609794,-9.009617805480955,NORTH AMERICA
Trinidad and Tobago,TTO,2003,-0.0431630499660968,-49.9425163269043,NORTH AMERICA
Trinidad and Tobago,TTO,2004,0.0370588861405849,86.50910949707031,NORTH AMERICA
Trinidad and Tobago,TTO,2005,-0.0027755498886108,-3.320753574371338,NORTH AMERICA
Trinidad and Tobago,TTO,2006,0.0137130543589591,17.86022186279297,NORTH AMERICA
Trinidad and Tobago,TTO,2007,-0.0218452811241149,-23.722373962402344,NORTH AMERICA
Trinidad and Tobago,TTO,2008,0.0038588941097259,5.708146095275879,NORTH AMERICA
Trinidad and Tobago,TTO,2009,-0.0021366700530052,-2.5724172592163086,NORTH AMERICA
Trinidad and Tobago,TTO,2010,-0.0594019442796707,-82.2320785522461,NORTH AMERICA
Trinidad and Tobago,TTO,2011,-5.55552542209e-05,0.0,NORTH AMERICA
Trinidad and Tobago,TTO,2012,-8.3333812654e-05,0.0,NORTH AMERICA
Trinidad and Tobago,TTO,2013,-5.55543228983e-05,0.0,NORTH AMERICA
Trinidad and Tobago,TTO,2014,0.0012499988079071,12.087905883789062,NORTH AMERICA
Trinidad and Tobago,TTO,2015,0.0016944454982876,14.772725105285645,NORTH AMERICA
Trinidad and Tobago,TTO,2016,-8.3333812654e-05,0.0,NORTH AMERICA
Trinidad and Tobago,TTO,2017,-8.33328813314e-05,0.0,NORTH AMERICA
Trinidad and Tobago,TTO,2018,-0.0013333335518836,-9.338170051574709,NORTH AMERICA
Trinidad and Tobago,TTO,2019,-5.55561855435e-05,0.0,NORTH AMERICA
Trinidad and Tobago,TTO,2020,0.0,0.2956271171569824,NORTH AMERICA
Trinidad and Tobago,TTO,2021,-8.33328813314e-05,-0.2732157707214355,NORTH AMERICA
Turkey,TUR,2011,5.6495361328125,4.284310340881348,ASIA
Turkey,TUR,2012,18.643585205078125,12.252199172973633,ASIA
Turkey,TUR,2013,9.932769775390623,6.1415791511535645,ASIA
Turkey,TUR,2014,-46.09165954589844,-23.976505279541016,ASIA
Turkey,TUR,2015,82.69499206542969,58.95881652832031,ASIA
Turkey,TUR,2016,18.72509765625,8.753765106201172,ASIA
Turkey,TUR,2017,-8.851486206054688,-3.1542837619781494,ASIA
Turkey,TUR,2018,27.019119262695312,12.06427764892578,ASIA
Turkey,TUR,2019,90.77432250976562,35.07929992675781,ASIA
Turkey,TUR,2020,-10.55596923828125,-2.8056740760803223,ASIA
Turkey,TUR,2021,-29.407379150390625,-8.67270278930664,ASIA
Turkmenistan,TKM,2011,0.0007638884708285,8.970880508422852,ASIA
Turkmenistan,TKM,2012,0.0013749999925494,14.53111171722412,ASIA
Turkmenistan,TKM,2013,0.0022805547341704,20.97284698486328,ASIA
Turkmenistan,TKM,2014,0.0033888891339302,25.36104965209961,ASIA
Turkmenistan,TKM,2015,0.0055555552244186,33.5246696472168,ASIA
Turkmenistan,TKM,2016,0.0045833345502614,21.006309509277344,ASIA
Turkmenistan,TKM,2017,-0.0002222247421741,-0.1881778240203857,ASIA
Turkmenistan,TKM,2018,-0.0001666639000177,0.0,ASIA
Turkmenistan,TKM,2019,-0.0001111105084419,0.0,ASIA
Turkmenistan,TKM,2020,0.0,0.2739667892456054,ASIA
Turkmenistan,TKM,2021,0.0067222211509943,25.642860412597656,ASIA
Ukraine,UKR,2012,-0.0843410491943359,0.3277540206909179,EUROPE
Ukraine,UKR,2013,10.376632690429688,34.54009246826172,EUROPE
Ukraine,UKR,2014,-13.63275146484375,-32.72995376586914,EUROPE
Ukraine,UKR,2015,-8.409006118774414,-30.14761734008789,EUROPE
Ukraine,UKR,2016,5.6513214111328125,30.33107566833496,EUROPE
Ukraine,UKR,2017,4.170207977294922,17.352426528930664,EUROPE
Ukraine,UKR,2018,5.602434158325195,19.89845085144043,EUROPE
Ukraine,UKR,2019,-3.111856460571289,-8.875083923339844,EUROPE
Ukraine,UKR,2020,13.439615249633787,42.841400146484375,EUROPE
Ukraine,UKR,2021,11.562786102294922,26.38727378845215,EUROPE
United Arab Emirates,ARE,2010,0.0333872213959693,189.95909118652344,ASIA
United Arab Emirates,ARE,2011,0.005955833941698,12.331735610961914,ASIA
United Arab Emirates,ARE,2012,0.0093769431114196,17.13374900817871,ASIA
United Arab Emirates,ARE,2013,0.1707183271646499,258.9307861328125,ASIA
United Arab Emirates,ARE,2014,0.6256036162376404,264.7876281738281,ASIA
United Arab Emirates,ARE,2015,-0.0069177746772766,-0.222104787826538,ASIA
United Arab Emirates,ARE,2016,0.0048941373825073,1.1600613594055176,ASIA
United Arab Emirates,ARE,2017,1.125594973564148,132.5968017578125,ASIA
United Arab Emirates,ARE,2018,1.4952136278152466,76.42237091064453,ASIA
United Arab Emirates,ARE,2019,6.521727561950684,188.56060791015625,ASIA
United Arab Emirates,ARE,2020,2.005990982055664,20.502233505249023,ASIA
United Arab Emirates,ARE,2021,,0.0,ASIA
United Kingdom,GBR,2000,0.9901695251464844,3.107917308807373,EUROPE
United Kingdom,GBR,2001,-1.0297775268554688,-3.7006020545959473,EUROPE
United Kingdom,GBR,2002,4.691774368286133,16.758323669433594,EUROPE
United Kingdom,GBR,2003,-0.8898162841796875,-2.38027572631836,EUROPE
United Kingdom,GBR,2004,10.235584259033203,31.61890411376953,EUROPE
United Kingdom,GBR,2005,9.085987091064451,23.96198463439941,EUROPE
United Kingdom,GBR,2006,4.507503509521484,13.658941268920898,EUROPE
United Kingdom,GBR,2007,6.2687835693359375,17.517148971557617,EUROPE
United Kingdom,GBR,2008,11.380451202392578,31.32516098022461,EUROPE
United Kingdom,GBR,2009,11.751472473144531,17.82748794555664,EUROPE
United Kingdom,GBR,2010,4.858238220214844,7.62866735458374,EUROPE
United Kingdom,GBR,2011,24.14737701416016,20.364749908447266,EUROPE
United Kingdom,GBR,2012,14.862594604492188,8.568679809570312,EUROPE
United Kingdom,GBR,2013,35.22833251953125,26.05631256103516,EUROPE
United Kingdom,GBR,2014,33.932464599609375,19.975067138671875,EUROPE
United Kingdom,GBR,2015,50.660919189453125,20.6575870513916,EUROPE
United Kingdom,GBR,2016,-1.26727294921875,-0.2296686172485351,EUROPE
United Kingdom,GBR,2017,42.30018615722656,16.769039154052734,EUROPE
United Kingdom,GBR,2018,34.09332275390625,13.842905044555664,EUROPE
United Kingdom,GBR,2019,29.887481689453125,10.967350006103516,EUROPE
United Kingdom,GBR,2020,38.84683227539063,10.110116004943848,EUROPE
United Kingdom,GBR,2021,-35.87872314453125,-9.673661231994627,EUROPE
United States,USA,1990,98.17169189453124,13.404989242553713,NORTH AMERICA
United States,USA,1991,-1.5198974609375,0.2881050109863281,NORTH AMERICA
United States,USA,1992,-90.3492431640625,-7.853305339813232,NORTH AMERICA
United States,USA,1993,93.03369140625,9.90457534790039,NORTH AMERICA
United States,USA,1994,-55.739990234375,-4.50669527053833,NORTH AMERICA
United States,USA,1995,145.6348876953125,14.116597175598145,NORTH AMERICA
United States,USA,1996,103.5941162109375,7.146668434143066,NORTH AMERICA
United States,USA,1997,33.978759765625,3.5068273544311523,NORTH AMERICA
United States,USA,1998,-98.7166748046875,-6.92216157913208,NORTH AMERICA
United States,USA,1999,-7.9068603515625,-0.454479455947876,NORTH AMERICA
United States,USA,2000,-121.018798828125,-9.016275405883787,NORTH AMERICA
United States,USA,2001,-182.50689697265625,-15.35979461669922,NORTH AMERICA
United States,USA,2002,169.41961669921875,19.834888458251957,NORTH AMERICA
United States,USA,2003,46.707275390625,7.461154460906982,NORTH AMERICA
United States,USA,2004,0.5068359375,3.114163875579834,NORTH AMERICA
United States,USA,2005,32.194580078125,5.077576637268066,NORTH AMERICA
United States,USA,2006,113.76708984375,14.669489860534668,NORTH AMERICA
United States,USA,2007,-65.666015625,0.2204537391662597,NORTH AMERICA
United States,USA,2008,137.9755859375,17.380165100097656,NORTH AMERICA
United States,USA,2009,134.64501953125,11.513113975524902,NORTH AMERICA
United States,USA,2010,59.6104736328125,7.092022895812988,NORTH AMERICA
United States,USA,2011,258.676025390625,15.339315414428713,NORTH AMERICA
United States,USA,2012,-49.529296875,-1.7910480499267578,NORTH AMERICA
United States,USA,2013,110.6968994140625,7.750511169433594,NORTH AMERICA
United States,USA,2014,52.50048828125,2.795004844665528,NORTH AMERICA
United States,USA,2015,34.90283203125,2.8946995735168457,NORTH AMERICA
United States,USA,2016,208.20556640625,10.745250701904297,NORTH AMERICA
United States,USA,2017,213.711669921875,8.089876174926758,NORTH AMERICA
United States,USA,2018,54.342529296875,1.882338523864746,NORTH AMERICA
United States,USA,2019,75.98046875,3.425276279449463,NORTH AMERICA
United States,USA,2020,114.995361328125,2.008318901062012,NORTH AMERICA
United States,USA,2021,161.7431640625,7.049822807312012,NORTH AMERICA
Uzbekistan,UZB,2017,2.743192672729492,15.60772705078125,ASIA
Uzbekistan,UZB,2018,-5.498888969421387,-25.601768493652344,ASIA
Uzbekistan,UZB,2019,1.4720277786254885,9.828435897827148,ASIA
Uzbekistan,UZB,2020,-3.945366859436035,-22.798484802246094,ASIA
Uzbekistan,UZB,2021,1.346543312072754,10.646856307983398,ASIA
Venezuela,VEN,2011,16.621246337890625,8.472824096679688,SOUTH AMERICA
Venezuela,VEN,2012,-5.2754669189453125,-1.7039060592651367,SOUTH AMERICA
Venezuela,VEN,2013,-1.762115478515625,-0.1849114894866943,SOUTH AMERICA
Venezuela,VEN,2014,-4.3528900146484375,-1.3669192790985107,SOUTH AMERICA
Venezuela,VEN,2015,-16.441024780273438,-6.987672805786133,SOUTH AMERICA
Venezuela,VEN,2016,-33.300506591796875,-16.023517608642578,SOUTH AMERICA
Venezuela,VEN,2017,18.429489135742188,11.603605270385742,SOUTH AMERICA
Venezuela,VEN,2018,-32.535980224609375,-16.942035675048828,SOUTH AMERICA
Venezuela,VEN,2019,-22.948883056640625,-14.5826997756958,SOUTH AMERICA
Venezuela,VEN,2020,29.98042297363281,23.320388793945312,SOUTH AMERICA
Venezuela,VEN,2021,-0.7382659912109375,-0.0923991203308105,SOUTH AMERICA
Vietnam,VNM,2011,34.144371032714844,43.84934997558594,ASIA
Vietnam,VNM,2012,32.84868621826172,29.701828002929688,ASIA
Vietnam,VNM,2013,11.502212524414062,8.507037162780762,ASIA
Vietnam,VNM,2014,10.8321533203125,7.501006126403809,ASIA
Vietnam,VNM,2015,-14.127212524414062,-7.825565338134766,ASIA
Vietnam,VNM,2016,17.87005615234375,12.219703674316406,ASIA
Vietnam,VNM,2017,61.77635192871094,36.610328674316406,ASIA
Vietnam,VNM,2018,-8.819168090820312,-3.2104194164276123,ASIA
Vietnam,VNM,2019,-33.95146179199219,-14.746642112731934,ASIA
Vietnam,VNM,2020,32.914306640625,17.62065887451172,ASIA
Vietnam,VNM,2021,48.3330078125,21.97693634033203,ASIA
